#VRML V2.0 utf8
# 3D model generated by easyeda2kicad.py (https://github.com/uPesy/easyeda2kicad.py)

Shape{
    appearance Appearance {
        material  Material 	{
            diffuseColor 1.0 0.9568627450980393 0.8862745098039215
            specularColor 0.8784313725490196 0.8431372549019608 0.7803921568627451
            ambientIntensity 0.2
            transparency 0
            shininess 0.5
        }
    }
    geometry IndexedFaceSet {
        ccw TRUE
        solid FALSE
        coord DEF co Coordinate {
            point [
                -0.7282 -0.0438 1.3893, -0.7282 -0.1147 1.3893, -0.6963 -0.1147 1.3893, -0.7713 -0.8718 1.3893, -0.6942 -0.8718 1.3893, -0.6942 -0.2833 1.3893, -0.5167 -0.1708 1.3893, -0.4914 -0.1708 1.3893, -0.4914 -0.148 1.3893, -0.6025 -0.2514 1.3893, -0.6044 -0.2516 1.3893, -0.5851 -0.2516 1.3893, -0.6882 -0.1066 1.3893, -0.6894 -0.1035 1.3893, -0.6894 -0.148 1.3893, -0.4286 -0.1239 1.3893, -0.4367 -0.102 1.3893, -0.4661 -0.102 1.3893, -1.8012 -0.5315 1.3893, -1.937 -0.5315 1.3893, -1.937 -0.8718 1.3893, -0.9159 -0.0352 1.3893, -0.9042 -0.0431 1.3893, -0.7713 -0.0431 1.3893, -0.8912 -0.0519 1.3893, -0.8723 -0.0738 1.3893, -0.8086 -0.148 1.3893, -0.7713 -0.148 1.3893, -0.8136 -0.1355 1.3893, -0.8253 -0.1193 1.3893, -0.8407 -0.1062 1.3893, -0.8604 -0.0969 1.3893, -0.8577 -0.0978 1.3893, -0.9686 -0.0223 1.3893, -0.9444 -0.0249 1.3893, -0.7713 0.2165 1.3893, -1.6779 0.2087 1.3893, -1.6928 0.1994 1.3893, -1.023 -0.0359 1.3893, -1.7053 0.1869 1.3893, -1.7146 0.172 1.3893, -0.9967 -0.0258 1.3893, -1.6437 0.2165 1.3893, -1.6612 0.2146 1.3893, -1.7205 0.1553 1.3893, -1.7224 0.1378 1.3893, -1.0347 -0.0431 1.3893, -1.7224 -0.0431 1.3893, -1.0369 -0.0445 1.3893, -1.1542 -0.1133 1.3893, -1.1405 -0.0958 1.3893, -1.0975 -0.0712 1.3893, -1.0751 -0.0684 1.3893, -1.0503 -0.056 1.3893, -1.0685 -0.0688 1.3893, -1.062 -0.0696 1.3893, -1.1367 -0.0921 1.3893, -1.1186 -0.0794 1.3893, -1.1256 -0.2379 1.3893, -1.1434 -0.2227 1.3893, -1.7224 -0.2516 1.3893, -1.105 -0.2479 1.3893, -1.1564 -0.2042 1.3893, -1.1645 -0.183 1.3893, -1.7224 -0.148 1.3893, -1.1673 -0.1607 1.3893, -1.1671 -0.1552 1.3893, -1.1658 -0.148 1.3893, -1.1633 -0.1338 1.3893, -1.0978 -0.25 1.3893, -1.0971 -0.2516 1.3893, -1.0921 -0.2623 1.3893, -1.0836 -0.2727 1.3893, -1.7251 -0.4731 1.3893, -1.733 -0.4921 1.3893, -0.7713 -0.2833 1.3893, -1.0202 -0.2833 1.3893, -1.0299 -0.287 1.3893, -1.7455 -0.5084 1.3893, -1.7618 -0.5209 1.3893, -1.7808 -0.5288 1.3893, -1.0437 -0.2887 1.3893, -1.0459 -0.2887 1.3893, -1.0593 -0.2866 1.3893, -1.7224 -0.4528 1.3893, -1.7224 -0.2833 1.3893, -1.0673 -0.2833 1.3893, -1.0725 -0.2811 1.3893, -0.7713 -0.2516 1.3893, -0.9904 -0.2516 1.3893, -0.9905 -0.2519 1.3893, -0.9972 -0.2645 1.3893, -1.0059 -0.2743 1.3893, -1.0172 -0.2822 1.3893, -0.9177 -0.218 1.3893, -0.9138 -0.2164 1.3893, -0.9071 -0.184 1.3893, -0.8251 -0.2256 1.3893, -0.8406 -0.2387 1.3893, -1.001 -0.1937 1.3893, -0.9248 -0.1538 1.3893, -1.011 -0.1846 1.3893, -1.0231 -0.1781 1.3893, -0.9212 -0.2205 1.3893, -0.8138 -0.2098 1.3893, -0.8397 -0.167 1.3893, -0.8423 -0.1561 1.3893, -0.8467 -0.148 1.3893, -1.13 -0.148 1.3893, -0.8067 -0.1529 1.3893, -0.8041 -0.1715 1.3893, -0.8067 -0.1918 1.3893, -0.9094 -0.2159 1.3893, -0.9088 -0.2159 1.3893, -0.9071 -0.2163 1.3893, -1.1266 -0.1823 1.3893, -1.1199 -0.1938 1.3893, -1.091 -0.1997 1.3893, -1.1097 -0.2042 1.3893, -1.0973 -0.2119 1.3893, -1.0699 -0.1808 1.3893, -1.0816 -0.1889 1.3893, -1.1314 -0.1595 1.3893, -1.1307 -0.1684 1.3893, -1.0574 -0.176 1.3893, -1.0437 -0.1743 1.3893, -1.0368 -0.1747 1.3893, -0.927 -0.2335 1.3893, -0.9269 -0.2313 1.3893, -0.9868 -0.2261 1.3893, -0.9257 -0.2269 1.3893, -0.9236 -0.2231 1.3893, -0.8509 -0.2022 1.3893, -0.8447 -0.1933 1.3893, -0.8407 -0.1831 1.3893, -0.8394 -0.172 1.3893, -0.9137 -0.2507 1.3893, -0.9175 -0.2492 1.3893, -0.9212 -0.2466 1.3893, -0.9225 -0.2452 1.3893, -0.925 -0.2416 1.3893, -0.9265 -0.2378 1.3893, -0.9871 -0.2378 1.3893, -0.9868 -0.2318 1.3893, -0.858 -0.2472 1.3893, -0.8769 -0.2512 1.3893, -0.9105 -0.2512 1.3893, -0.906 -0.2164 1.3893, -0.8804 -0.2164 1.3893, -0.8701 -0.2145 1.3893, -0.8601 -0.2098 1.3893, -0.8516 -0.2029 1.3893, -0.9006 -0.0934 1.3893, -0.9135 -0.0781 1.3893, -1.0443 -0.1111 1.3893, -0.9149 -0.0768 1.3893, -0.9309 -0.0657 1.3893, -1.0356 -0.0931 1.3893, -1.0483 -0.1089 1.3893, -1.0611 -0.1043 1.3893, -0.8476 -0.1463 1.3893, -0.8542 -0.139 1.3893, -0.8838 -0.1276 1.3893, -0.863 -0.1328 1.3893, -0.8729 -0.129 1.3893, -0.8883 -0.1276 1.3893, -0.8918 -0.1117 1.3893, -1.0945 -0.1063 1.3893, -1.1072 -0.113 1.3893, -1.0805 -0.1029 1.3893, -1.1169 -0.1217 1.3893, -1.1248 -0.133 1.3893, -1.0228 -0.0779 1.3893, -0.9487 -0.0589 1.3893, -1.0076 -0.0667 1.3893, -0.968 -0.0565 1.3893, -0.989 -0.0592 1.3893, -1.0745 -0.1026 1.3893, -1.1297 -0.1457 1.3893, -0.4172 -0.1239 1.3893, -0.4661 -0.148 1.3893, 0.2461 -0.148 1.3893, 0.2461 -0.0431 1.3893, -0.4477 -0.0438 1.3893, -0.4661 -0.0431 1.3893, -0.4587 -0.0438 1.3893, -0.4661 -0.0633 1.3893, -0.4778 -0.1239 1.3893, -0.4892 -0.1239 1.3893, -0.4701 -0.102 1.3893, -0.5758 -0.053 1.3893, -0.5664 -0.0431 1.3893, -0.5758 -0.0438 1.3893, -0.5851 -0.0431 1.3893, -0.5851 -0.0438 1.3893, -0.574 -0.1147 1.3893, -0.574 -0.1239 1.3893, -0.5664 -0.148 1.3893, -0.6067 -0.0878 1.3893, -0.6067 -0.1147 1.3893, -0.5851 -0.0878 1.3893, -0.5851 -0.1147 1.3893, -0.5781 -0.0878 1.3893, -0.5781 -0.0786 1.3893, -0.5851 -0.0786 1.3893, -0.5851 -0.053 1.3893, -0.6067 -0.0786 1.3893, -0.6067 -0.053 1.3893, -0.5851 -0.148 1.3893, -0.5851 -0.1239 1.3893, -0.6217 -0.148 1.3893, -0.617 -0.0438 1.3893, -0.6217 -0.0431 1.3893, -0.617 -0.1239 1.3893, -0.633 -0.0457 1.3893, -0.6404 -0.0435 1.3893, -0.644 -0.0431 1.3893, -0.633 -0.0565 1.3893, -0.6537 -0.116 1.3893, -0.649 -0.1158 1.3893, -0.6693 -0.123 1.3893, -0.6768 -0.1193 1.3893, -0.662 -0.0532 1.3893, -0.6683 -0.0562 1.3893, -0.6737 -0.0607 1.3893, -0.635 -0.0555 1.3893, -0.6743 -0.0613 1.3893, -0.6782 -0.0669 1.3893, -0.6809 -0.0739 1.3893, -0.6401 -0.1139 1.3893, -0.633 -0.1107 1.3893, -0.633 -0.1206 1.3893, -0.6344 -0.1212 1.3893, -0.6827 -0.1143 1.3893, -0.6834 -0.1135 1.3893, -0.6821 -0.0847 1.3893, -0.6821 -0.0859 1.3893, -0.6808 -0.0956 1.3893, -0.6725 -0.1094 1.3893, -0.6672 -0.113 1.3893, -0.6614 -0.1151 1.3893, -0.6433 -0.0527 1.3893, -0.6519 -0.0518 1.3893, -0.655 -0.0519 1.3893, -0.6783 -0.102 1.3893, -0.6743 -0.1076 1.3893, -0.643 -0.1241 1.3893, -0.6552 -0.1252 1.3893, -0.6608 -0.1249 1.3893, -0.6506 -0.0425 1.3893, -0.6217 0.2165 1.3893, -0.652 -0.0425 1.3893, -0.6894 0.2165 1.3893, -0.6576 -0.0431 1.3893, -0.6719 -0.0471 1.3893, -0.6635 -0.0438 1.3893, -0.6894 -0.0431 1.3893, -0.6866 -0.0607 1.3893, -0.6814 -0.0542 1.3893, -0.6796 -0.0525 1.3893, -0.6942 -0.0431 1.3893, -0.6906 -0.0694 1.3893, -0.6894 -0.0668 1.3893, -0.6915 -0.0983 1.3893, -0.6942 -0.148 1.3893, -0.693 -0.0854 1.3893, -0.6927 -0.0796 1.3893, 2.7067 0.4247 1.3893, 0.6398 -0.0431 1.3893, 2.7067 -0.0431 1.3893, 0.6398 -0.148 1.3893, 2.7067 -0.148 1.3893, 0.6398 -0.2516 1.3893, 2.7067 -0.2516 1.3893, 0.6398 -0.2833 1.3893, 2.7067 -0.2833 1.3893, 0.6398 -0.8718 1.3893, 2.7067 -0.8718 1.3893, 0.5814 0.6076 1.3893, 0.6004 0.5997 1.3893, 2.7067 0.8718 1.3893, 0.6167 0.5872 1.3893, 0.6292 0.5709 1.3893, 0.561 0.6102 1.3893, -0.4661 0.8718 1.3893, -0.4661 0.6102 1.3893, 0.6371 0.5519 1.3893, 0.6398 0.5315 1.3893, 0.6398 0.4247 1.3893, -0.4914 0.6102 1.3893, -0.4914 0.8718 1.3893, -0.5222 0.6102 1.3893, -0.5222 0.8718 1.3893, -0.5664 0.6102 1.3893, -0.5664 0.8718 1.3893, -0.5851 0.6102 1.3893, -0.5851 0.8718 1.3893, -0.6217 0.6102 1.3893, -0.6217 0.8718 1.3893, -0.6894 0.6102 1.3893, -0.6894 0.8718 1.3893, -0.6942 0.6102 1.3893, -0.6942 0.8718 1.3893, -0.7713 0.6102 1.3893, -0.7713 0.8718 1.3893, -1.937 0.6102 1.3893, -1.937 0.8718 1.3893, -2.0374 0.6102 1.3893, -2.099 0.5806 1.3893, -2.7067 0.8718 1.3893, -2.1083 0.5657 1.3893, -2.1142 0.549 1.3893, -2.0865 0.5931 1.3893, -2.0716 0.6024 1.3893, -2.0549 0.6083 1.3893, -2.1161 0.5315 1.3893, -2.7067 0.4247 1.3893, -2.1161 0.4247 1.3893, -2.7067 -0.0431 1.3893, -2.1161 -0.0431 1.3893, -2.7067 -0.148 1.3893, -2.1161 -0.148 1.3893, -2.7067 -0.2516 1.3893, -2.1161 -0.2516 1.3893, -2.7067 -0.2833 1.3893, -2.1161 -0.2833 1.3893, -2.0374 -0.5315 1.3893, -2.0578 -0.5288 1.3893, -2.7067 -0.8718 1.3893, -2.0768 -0.5209 1.3893, -2.0931 -0.5084 1.3893, -2.1056 -0.4921 1.3893, -2.1135 -0.4731 1.3893, -2.1161 -0.4528 1.3893, -0.6942 0.2165 1.3893, -0.5851 0.2165 1.3893, -0.5664 0.2165 1.3893, -0.5222 0.2165 1.3893, -0.5222 -0.0431 1.3893, -0.4914 0.2165 1.3893, 0.1877 0.2139 1.3893, 0.1673 0.2165 1.3893, 0.2461 0.1378 1.3893, -0.4914 -0.0431 1.3893, -0.4661 0.2165 1.3893, 0.2355 0.1772 1.3893, 0.223 0.1935 1.3893, 0.2067 0.206 1.3893, 0.2434 0.1582 1.3893, -0.4586 -0.2509 1.3893, -0.4586 -0.1708 1.3893, -0.3283 -0.2509 1.3893, -0.4661 -0.2516 1.3893, -0.3169 -0.2509 1.3893, 0.2461 -0.2516 1.3893, -0.3474 -0.1708 1.3893, -0.3584 -0.1708 1.3893, -0.3947 -0.1989 1.3893, -0.3934 -0.2098 1.3893, -0.3937 -0.2162 1.3893, -0.3889 -0.2509 1.3893, -0.3959 -0.2253 1.3893, -0.4001 -0.2335 1.3893, -0.4054 -0.2397 1.3893, -0.4139 -0.2457 1.3893, -0.4231 -0.2493 1.3893, -0.4365 -0.2509 1.3893, -0.3775 -0.2509 1.3893, -0.3698 -0.229 1.3893, -0.3365 -0.229 1.3893, -0.4054 -0.1814 1.3893, -0.4026 -0.1842 1.3893, -0.3976 -0.1912 1.3893, -0.4357 -0.1708 1.3893, -0.4235 -0.1722 1.3893, -0.4138 -0.1757 1.3893, -0.5222 -0.0457 1.3893, -0.5141 -0.0487 1.3893, -0.4979 -0.0642 1.3893, -0.495 -0.0719 1.3893, -0.4936 -0.0828 1.3893, -0.5057 -0.0544 1.3893, -0.5028 -0.0572 1.3893, -0.494 -0.0891 1.3893, -0.4962 -0.0983 1.3893, -0.5004 -0.1065 1.3893, -0.5057 -0.1127 1.3893, -0.5368 -0.1239 1.3893, -0.5588 -0.1239 1.3893, -0.5142 -0.1187 1.3893, -0.5222 -0.1218 1.3893, -0.5222 -0.148 1.3893, -0.5233 -0.1222 1.3893, -0.5588 -0.0438 1.3893, -0.536 -0.0438 1.3893, -0.5238 -0.0452 1.3893, -0.6585 -0.2502 1.3893, -0.6622 -0.2516 1.3893, -0.6499 -0.2509 1.3893, -0.6819 -0.2238 1.3893, -0.6802 -0.2075 1.3893, -0.6841 -0.227 1.3893, -0.6853 -0.2307 1.3893, -0.6549 -0.2479 1.3893, -0.6504 -0.1942 1.3893, -0.6246 -0.2023 1.3893, -0.6228 -0.1996 1.3893, -0.6789 -0.2211 1.3893, -0.6748 -0.2189 1.3893, -0.6737 -0.2033 1.3893, -0.6669 -0.2169 1.3893, -0.6581 -0.2009 1.3893, -0.6615 -0.2005 1.3893, -0.6675 -0.2012 1.3893, -0.6499 -0.2421 1.3893, -0.6502 -0.2421 1.3893, -0.6518 -0.2444 1.3893, -0.6775 -0.2501 1.3893, -0.6809 -0.2477 1.3893, -0.6894 -0.2516 1.3893, -0.682 -0.2466 1.3893, -0.6841 -0.2435 1.3893, -0.647 -0.1961 1.3893, -0.6445 -0.1985 1.3893, -0.6258 -0.2056 1.3893, -0.6424 -0.2016 1.3893, -0.6408 -0.2061 1.3893, -0.6802 -0.1977 1.3893, -0.6769 -0.1959 1.3893, -0.6853 -0.2401 1.3893, -0.6858 -0.2356 1.3893, -0.6693 -0.1933 1.3893, -0.6606 -0.1924 1.3893, -0.6546 -0.1929 1.3893, -0.6234 -0.2182 1.3893, -0.6247 -0.2161 1.3893, -0.6399 -0.2141 1.3893, -0.6258 -0.213 1.3893, -0.6262 -0.2091 1.3893, -0.6499 -0.2145 1.3893, -0.6503 -0.2101 1.3893, -0.6513 -0.2065 1.3893, -0.6525 -0.2045 1.3893, -0.6217 -0.2199 1.3893, -0.6263 -0.2385 1.3893, -0.6217 -0.22 1.3893, -0.6228 -0.2407 1.3893, -0.6217 -0.2412 1.3893, -0.654 -0.2029 1.3893, -0.6558 -0.2017 1.3893, -0.6625 -0.2517 1.3893, -0.6217 -0.2833 1.3893, -0.6894 -0.2833 1.3893, -0.6677 -0.2522 1.3893, -0.6735 -0.2516 1.3893, -0.6737 -0.2516 1.3893, -0.6263 -0.2489 1.3893, -0.6399 -0.2509 1.3893, -0.6217 -0.2505 1.3893, -0.6217 -0.2516 1.3893, -0.6195 -0.2513 1.3893, -0.617 -0.2516 1.3893, -0.6108 -0.2522 1.3893, -0.5851 -0.2833 1.3893, -0.5904 -0.1949 1.3893, -0.5904 -0.2047 1.3893, -0.6198 -0.1969 1.3893, -0.6171 -0.1953 1.3893, -0.5881 -0.2394 1.3893, -0.5894 -0.2425 1.3893, -0.5912 -0.2452 1.3893, -0.6217 -0.1986 1.3893, -0.6116 -0.1933 1.3893, -0.604 -0.1924 1.3893, -0.5976 -0.1929 1.3893, -0.591 -0.2259 1.3893, -0.5892 -0.2286 1.3893, -0.5881 -0.2316 1.3893, -0.5877 -0.2353 1.3893, -0.5941 -0.2477 1.3893, -0.597 -0.2494 1.3893, -0.6049 -0.2005 1.3893, -0.6079 -0.2008 1.3893, -0.6159 -0.2082 1.3893, -0.6106 -0.2015 1.3893, -0.6128 -0.2027 1.3893, -0.6158 -0.2096 1.3893, -0.6154 -0.2111 1.3893, -0.6147 -0.2125 1.3893, -0.6137 -0.2136 1.3893, -0.6102 -0.2158 1.3893, -0.5979 -0.2014 1.3893, -0.604 -0.2185 1.3893, -0.5922 -0.2036 1.3893, -0.6001 -0.22 1.3893, -0.5934 -0.2238 1.3893, -0.6144 -0.204 1.3893, -0.6152 -0.2053 1.3893, -0.6157 -0.2066 1.3893, -0.6166 -0.2432 1.3893, -0.611 -0.2258 1.3893, -0.617 -0.223 1.3893, -0.6098 -0.2441 1.3893, -0.6094 -0.2441 1.3893, -0.6045 -0.2285 1.3893, -0.6042 -0.2435 1.3893, -0.598 -0.2363 1.3893, -0.5981 -0.2351 1.3893, -0.6016 -0.2425 1.3893, -0.6007 -0.242 1.3893, -0.5996 -0.241 1.3893, -0.5987 -0.2397 1.3893, -0.5982 -0.2382 1.3893, -0.5985 -0.2335 1.3893, -0.5993 -0.2322 1.3893, -0.6005 -0.2309 1.3893, -0.538 -0.1937 1.3893, -0.5276 -0.1937 1.3893, -0.5222 -0.2516 1.3893, -0.5563 -0.2367 1.3893, -0.5551 -0.2414 1.3893, -0.5548 -0.2414 1.3893, -0.5664 -0.2076 1.3893, -0.5536 -0.2368 1.3893, -0.5543 -0.2394 1.3893, -0.5664 -0.2346 1.3893, -0.5825 -0.1937 1.3893, -0.5712 -0.1937 1.3893, -0.5604 -0.2516 1.3893, -0.56 -0.2508 1.3893, -0.5664 -0.2648 1.3893, -0.5664 -0.2648 1.3893, -0.5664 -0.2516 1.3893, -0.5644 -0.2612 1.3893, -0.5804 -0.2681 1.3893, -0.5804 -0.277 1.3893, -0.5783 -0.2688 1.3893, -0.5747 -0.2692 1.3893, -0.5723 -0.269 1.3893, -0.5664 -0.276 1.3893, -0.5699 -0.2774 1.3893, -0.5664 -0.2833 1.3893, -0.5739 -0.2778 1.3893, -0.5761 -0.2778 1.3893, -0.5701 -0.2681 1.3893, -0.5682 -0.2669 1.3893, -0.5535 -0.2595 1.3893, -0.558 -0.2684 1.3893, -0.5222 -0.2833 1.3893, -0.5504 -0.2516 1.3893, -0.5617 -0.2728 1.3893, -0.5624 -0.2734 1.3893, -0.5659 -0.2759 1.3893, -0.4755 -0.1708 1.3893, -0.4755 -0.18 1.3893, -0.5064 -0.2148 1.3893, -0.5064 -0.2418 1.3893, -0.4914 -0.2148 1.3893, -0.4914 -0.2418 1.3893, -0.4778 -0.2148 1.3893, -0.4737 -0.2418 1.3893, -0.4737 -0.2509 1.3893, -0.4914 -0.2516 1.3893, -0.4778 -0.2057 1.3893, -0.4914 -0.2057 1.3893, -0.4914 -0.18 1.3893, -0.5064 -0.2057 1.3893, -0.5064 -0.18 1.3893, -0.4914 -0.2509 1.3893, -0.5167 -0.2509 1.3893, 0.2461 -0.2833 1.3893, -0.4661 -0.2833 1.3893, -0.4914 -0.2833 1.3893, 0.2461 -0.8718 1.3893, -0.4661 -0.8718 1.3893, -0.4914 -0.8718 1.3893, -0.5222 -0.8718 1.3893, -0.5664 -0.8718 1.3893, -0.5851 -0.8718 1.3893, -0.6217 -0.8718 1.3893, -0.6894 -0.8718 1.3893, -0.6942 -0.2516 1.3893, -0.7282 -0.2148 1.3893, -0.7282 -0.2418 1.3893, -0.6995 -0.2148 1.3893, -0.6954 -0.2418 1.3893, -0.6995 -0.2057 1.3893, -0.7385 -0.2509 1.3893, -0.7385 -0.1708 1.3893, -0.6973 -0.1708 1.3893, -0.6973 -0.18 1.3893, -0.7282 -0.18 1.3893, -0.7282 -0.2057 1.3893, -0.6954 -0.2509 1.3893, -0.7385 -0.1239 1.3893, -0.7385 -0.0438 1.3893, -0.6963 -0.1239 1.3893, 2.7067 0.8718 1.3105, 2.7067 -0.8718 1.3105, -2.7067 0.8718 1.3105, -2.7067 -0.8718 1.3105, -1.7455 -0.5084 1.3105, -1.733 -0.4921 1.3105, 0.2461 -0.8718 1.3105, -1.7618 -0.5209 1.3105, -2.0578 -0.5288 1.3105, -2.0374 -0.5315 1.3105, -1.8012 -0.5315 1.3105, -1.7808 -0.5288 1.3105, 0.6371 0.5519 1.3105, 0.6292 0.5709 1.3105, 0.6167 0.5872 1.3105, 0.6004 0.5997 1.3105, -2.1135 -0.4731 1.3105, -2.1056 -0.4921 1.3105, -1.7251 -0.4731 1.3105, -1.7224 -0.4528 1.3105, 0.2461 0.1378 1.3105, -1.7224 0.1378 1.3105, -1.6437 0.2165 1.3105, 0.6398 -0.8718 1.3105, 0.6398 0.5315 1.3105, -2.0931 -0.5084 1.3105, -2.0768 -0.5209 1.3105, 0.1673 0.2165 1.3105, 0.1877 0.2139 1.3105, 0.2067 0.206 1.3105, -1.7205 0.1553 1.3105, -1.6779 0.2087 1.3105, -1.6612 0.2146 1.3105, -1.7146 0.172 1.3105, -1.7053 0.1869 1.3105, -1.6928 0.1994 1.3105, 0.223 0.1935 1.3105, 0.2355 0.1772 1.3105, 0.2434 0.1582 1.3105, -2.0549 0.6083 1.3105, -2.0716 0.6024 1.3105, -2.0865 0.5931 1.3105, -2.099 0.5806 1.3105, -2.1161 0.5315 1.3105, -2.1161 -0.4528 1.3105, 0.5814 0.6076 1.3105, 0.561 0.6102 1.3105, -2.0374 0.6102 1.3105, -2.1083 0.5657 1.3105, -2.1142 0.549 1.3105, -2.7067 -0.9505 1.2318, -2.7067 -1.0293 1.2318, -2.7067 -0.9486 1.2493, -2.7067 -1.0253 1.2668, -2.7067 -0.9427 1.266, -2.7067 -1.0137 1.3001, -2.7067 -0.9334 1.2809, -2.7067 -0.9949 1.33, -2.7067 -0.9209 1.2934, -2.7067 -0.97 1.3549, -2.7067 -0.906 1.3027, -2.7067 -0.9401 1.3737, -2.7067 -0.8893 1.3086, -2.7067 -0.9068 1.3853, 0.2461 -0.9068 1.3853, 0.2461 -0.9401 1.3737, 0.2461 -0.97 1.3549, 0.2461 -0.9949 1.33, 0.2461 -1.0137 1.3001, 0.2461 -1.0253 1.2668, 0.2461 -1.0293 1.2318, 0.2461 -0.8893 1.3086, 0.2461 -0.906 1.3027, 0.2461 -0.9209 1.2934, 0.2461 -0.9334 1.2809, 0.2461 -0.9427 1.266, 0.2461 -0.9486 1.2493, 0.2461 -0.9505 1.2318, 0.6398 -0.9505 1.2318, 0.6398 -1.0293 1.2318, 0.6398 -0.9479 1.2522, 0.6398 -1.0239 1.2726, 0.6398 -0.94 1.2712, 0.6398 -1.0082 1.3105, 0.6398 -0.9275 1.2875, 0.6398 -0.9832 1.3432, 0.6398 -0.9112 1.3, 0.6398 -0.9505 1.3682, 0.6398 -0.8922 1.3079, 0.6398 -0.9126 1.3839, 2.7067 -0.9126 1.3839, 2.7067 -0.9505 1.3682, 2.7067 -0.9832 1.3432, 2.7067 -1.0082 1.3105, 2.7067 -1.0239 1.2726, 2.7067 -1.0293 1.2318, 2.7067 -0.8922 1.3079, 2.7067 -0.9112 1.3, 2.7067 -0.9275 1.2875, 2.7067 -0.94 1.2712, 2.7067 -0.9479 1.2522, 2.7067 -0.9505 1.2318, 1.7421 -0.5315 -0.0, 1.7421 -0.5315 0.0787, 1.7625 -0.5342 0.0787, 1.7625 -0.5342 -0.0, 1.7815 -0.542 0.0787, 1.7815 -0.542 -0.0, 1.7978 -0.5546 0.0787, 1.7978 -0.5546 -0.0, 1.8103 -0.5709 0.0787, 1.8103 -0.5709 -0.0, 1.8182 -0.5899 0.0787, 1.8182 -0.5899 -0.0, 1.8209 -0.6102 0.0787, 1.8209 -0.6102 -0.0, 1.5846 -0.5315 -0.0, 1.5846 -0.5315 0.0787, 1.5059 -0.6102 -0.0, 1.5059 -0.6102 0.0787, 1.5086 -0.5899 0.0787, 1.5086 -0.5899 -0.0, 1.5165 -0.5709 0.0787, 1.5165 -0.5709 -0.0, 1.529 -0.5546 0.0787, 1.529 -0.5546 -0.0, 1.5453 -0.542 0.0787, 1.5453 -0.542 -0.0, 1.5643 -0.5342 0.0787, 1.5643 -0.5342 -0.0, 1.8209 -0.8718 -0.0, 1.8209 -0.8718 0.0787, 1.5059 -0.8718 0.0787, 1.5059 -0.8718 -0.0, 0.876 -0.5315 -0.0, 0.876 -0.5315 0.0787, 0.8964 -0.5342 0.0787, 0.8964 -0.5342 -0.0, 0.9154 -0.542 0.0787, 0.9154 -0.542 -0.0, 0.9317 -0.5546 0.0787, 0.9317 -0.5546 -0.0, 0.9442 -0.5709 0.0787, 0.9442 -0.5709 -0.0, 0.952 -0.5899 0.0787, 0.952 -0.5899 -0.0, 0.9547 -0.6102 0.0787, 0.9547 -0.6102 -0.0, 0.7185 -0.5315 -0.0, 0.7185 -0.5315 0.0787, 0.6398 -0.6102 -0.0, 0.6398 -0.6102 0.0787, 0.6424 -0.5899 0.0787, 0.6424 -0.5899 -0.0, 0.6503 -0.5709 0.0787, 0.6503 -0.5709 -0.0, 0.6628 -0.5546 0.0787, 0.6628 -0.5546 -0.0, 0.6791 -0.542 0.0787, 0.6791 -0.542 -0.0, 0.6981 -0.5342 0.0787, 0.6981 -0.5342 -0.0, 0.9547 -0.8718 -0.0, 0.9547 -0.8718 0.0787, 0.6398 -0.8718 0.0787, 0.6398 -0.8718 -0.0, 1.8209 -0.9505 0.1575, 1.8209 -1.0293 0.1575, 1.8209 -0.9479 0.1371, 1.8209 -1.0239 0.1167, 1.8209 -0.94 0.1181, 1.8209 -1.0082 0.0787, 1.8209 -0.9275 0.1018, 1.8209 -0.9832 0.0461, 1.8209 -0.9112 0.0893, 1.8209 -0.9505 0.0211, 1.8209 -0.8922 0.0814, 1.8209 -0.9126 0.0054, 1.5059 -0.8922 0.0814, 1.5059 -0.9126 0.0054, 1.5059 -0.9112 0.0893, 1.5059 -0.9505 0.0211, 1.5059 -0.9275 0.1018, 1.5059 -0.9832 0.0461, 1.5059 -0.94 0.1181, 1.5059 -1.0082 0.0787, 1.5059 -0.9479 0.1371, 1.5059 -1.0239 0.1167, 1.5059 -0.9505 0.1575, 1.5059 -1.0293 0.1575, 0.9547 -0.9505 0.1575, 0.9547 -1.0293 0.1575, 0.9547 -0.9479 0.1371, 0.9547 -1.0239 0.1167, 0.9547 -0.94 0.1181, 0.9547 -1.0082 0.0787, 0.9547 -0.9275 0.1018, 0.9547 -0.9832 0.0461, 0.9547 -0.9112 0.0893, 0.9547 -0.9505 0.0211, 0.9547 -0.8922 0.0814, 0.9547 -0.9126 0.0054, 0.6398 -0.9505 0.1575, 0.6398 -0.9479 0.1371, 0.6398 -0.94 0.1181, 0.6398 -0.9275 0.1018, 0.6398 -0.9112 0.0893, 0.6398 -0.8922 0.0814, 0.6398 -0.9126 0.0054, 0.6398 -0.9505 0.0211, 0.6398 -0.9832 0.0461, 0.6398 -1.0082 0.0787, 0.6398 -1.0239 0.1167, 0.6398 -1.0293 0.1575, 2.628 -1.0293 0.4978, 2.628 -0.9505 0.4978, 2.6483 -0.9505 0.5005, 2.6483 -1.0293 0.5005, 2.6673 -0.9505 0.5083, 2.6673 -1.0293 0.5083, 2.6836 -0.9505 0.5209, 2.6836 -1.0293 0.5209, 2.6961 -0.9505 0.5372, 2.6961 -1.0293 0.5372, 2.704 -0.9505 0.5561, 2.704 -1.0293 0.5561, 2.7067 -0.9505 0.5765, 2.7067 -1.0293 0.5765, 1.8996 -1.0293 0.4978, 1.8996 -0.9505 0.4978, 1.8209 -1.0293 0.419, 1.8209 -0.9505 0.419, 1.8235 -1.0293 0.4394, 1.8235 -0.9505 0.4394, 1.8314 -1.0293 0.4584, 1.8314 -0.9505 0.4584, 1.8439 -1.0293 0.4747, 1.8439 -0.9505 0.4747, 1.8602 -1.0293 0.4872, 1.8602 -0.9505 0.4872, 1.8792 -1.0293 0.4951, 1.8792 -0.9505 0.4951, 1.5059 -1.0293 0.419, 1.5059 -0.9505 0.419, 1.4272 -1.0293 0.4978, 1.4272 -0.9505 0.4978, 1.4475 -1.0293 0.4951, 1.4475 -0.9505 0.4951, 1.4665 -1.0293 0.4872, 1.4665 -0.9505 0.4872, 1.4828 -1.0293 0.4747, 1.4828 -0.9505 0.4747, 1.4954 -1.0293 0.4584, 1.4954 -0.9505 0.4584, 1.5032 -1.0293 0.4394, 1.5032 -0.9505 0.4394, 1.0335 -1.0293 0.4978, 1.0335 -0.9505 0.4978, 0.9547 -1.0293 0.419, 0.9547 -0.9505 0.419, 0.9574 -1.0293 0.4394, 0.9574 -0.9505 0.4394, 0.9653 -1.0293 0.4584, 0.9653 -0.9505 0.4584, 0.9778 -1.0293 0.4747, 0.9778 -0.9505 0.4747, 0.9941 -1.0293 0.4872, 0.9941 -0.9505 0.4872, 1.0131 -1.0293 0.4951, 1.0131 -0.9505 0.4951, 0.1673 -1.0293 0.8521, 0.1673 -0.9505 0.8521, 0.1877 -0.9505 0.8548, 0.1877 -1.0293 0.8548, 0.2067 -0.9505 0.8627, 0.2067 -1.0293 0.8627, 0.223 -0.9505 0.8752, 0.223 -1.0293 0.8752, 0.2355 -0.9505 0.8915, 0.2355 -1.0293 0.8915, 0.2434 -0.9505 0.9105, 0.2434 -1.0293 0.9105, 0.2461 -0.9505 0.9309, 0.2461 -1.0293 0.9309, -2.628 -1.0293 0.8521, -2.628 -0.9505 0.8521, -2.7067 -1.0293 0.9309, -2.7067 -0.9505 0.9309, -2.704 -0.9505 0.9105, -2.704 -1.0293 0.9105, -2.6961 -0.9505 0.8915, -2.6961 -1.0293 0.8915, -2.6836 -0.9505 0.8752, -2.6836 -1.0293 0.8752, -2.6673 -0.9505 0.8627, -2.6673 -1.0293 0.8627, -2.6483 -0.9505 0.8548, -2.6483 -1.0293 0.8548, -2.7067 0.8893 1.3086, -2.7067 0.9068 1.3853, -2.7067 0.906 1.3027, -2.7067 0.9401 1.3737, -2.7067 0.9209 1.2934, -2.7067 0.97 1.3549, -2.7067 0.9334 1.2809, -2.7067 0.9949 1.33, -2.7067 0.9427 1.266, -2.7067 1.0137 1.3001, -2.7067 0.9486 1.2493, -2.7067 1.0253 1.2668, -2.7067 0.9505 1.2318, -2.7067 1.0293 1.2318, 2.7067 1.0293 1.2318, 2.7067 1.0253 1.2668, 2.7067 1.0137 1.3001, 2.7067 0.9949 1.33, 2.7067 0.97 1.3549, 2.7067 0.9401 1.3737, 2.7067 0.9068 1.3853, 2.7067 0.9505 1.2318, 2.7067 0.9486 1.2493, 2.7067 0.9427 1.266, 2.7067 0.9334 1.2809, 2.7067 0.9209 1.2934, 2.7067 0.906 1.3027, 2.7067 0.8893 1.3086, -2.628 0.5315 -0.0, -2.628 0.5315 0.0787, -2.6483 0.5342 0.0787, -2.6483 0.5342 -0.0, -2.6673 0.542 0.0787, -2.6673 0.542 -0.0, -2.6836 0.5546 0.0787, -2.6836 0.5546 -0.0, -2.6961 0.5709 0.0787, -2.6961 0.5709 -0.0, -2.704 0.5899 0.0787, -2.704 0.5899 -0.0, -2.7067 0.6102 0.0787, -2.7067 0.6102 -0.0, -2.4705 0.5315 -0.0, -2.4705 0.5315 0.0787, -2.3917 0.6102 -0.0, -2.3917 0.6102 0.0787, -2.3944 0.5899 0.0787, -2.3944 0.5899 -0.0, -2.4023 0.5709 0.0787, -2.4023 0.5709 -0.0, -2.4148 0.5546 0.0787, -2.4148 0.5546 -0.0, -2.4311 0.542 0.0787, -2.4311 0.542 -0.0, -2.4501 0.5342 0.0787, -2.4501 0.5342 -0.0, -2.3917 0.8718 0.0787, -2.3917 0.8718 -0.0, 1.5846 0.5315 -0.0, 1.5846 0.5315 0.0787, 1.5643 0.5342 0.0787, 1.5643 0.5342 -0.0, 1.5453 0.542 0.0787, 1.5453 0.542 -0.0, 1.529 0.5546 0.0787, 1.529 0.5546 -0.0, 1.5165 0.5709 0.0787, 1.5165 0.5709 -0.0, 1.5086 0.5899 0.0787, 1.5086 0.5899 -0.0, 1.5059 0.6102 0.0787, 1.5059 0.6102 -0.0, 1.7421 0.5315 -0.0, 1.7421 0.5315 0.0787, 1.8209 0.6102 -0.0, 1.8209 0.6102 0.0787, 1.8182 0.5899 0.0787, 1.8182 0.5899 -0.0, 1.8103 0.5709 0.0787, 1.8103 0.5709 -0.0, 1.7978 0.5546 0.0787, 1.7978 0.5546 -0.0, 1.7815 0.542 0.0787, 1.7815 0.542 -0.0, 1.7625 0.5342 0.0787, 1.7625 0.5342 -0.0, 1.5059 0.8718 -0.0, 1.5059 0.8718 0.0787, 1.8209 0.8718 0.0787, 1.8209 0.8718 -0.0, -2.7067 0.8718 -0.0, -2.7067 0.8718 0.0787, -2.3917 0.8922 0.0814, -2.3917 0.9068 0.0039, -2.3917 0.9112 0.0893, -2.3917 1.0293 0.1575, -2.3917 0.9505 0.1575, -2.3917 1.0253 0.1224, -2.3917 0.9479 0.1371, -2.3917 1.0137 0.0892, -2.3917 0.94 0.1181, -2.3917 0.9949 0.0593, -2.3917 0.9275 0.1018, -2.3917 0.97 0.0344, -2.3917 0.9401 0.0156, 1.5059 0.9505 0.1575, 1.5059 1.0293 0.1575, 1.5059 0.9479 0.1371, 1.5059 1.0253 0.1224, 1.5059 0.94 0.1181, 1.5059 1.0137 0.0892, 1.5059 0.9275 0.1018, 1.5059 0.9068 0.0039, 1.5059 0.8922 0.0814, 1.5059 0.9401 0.0156, 1.5059 0.9112 0.0893, 1.5059 0.97 0.0344, 1.5059 0.9949 0.0593, 1.8209 0.8922 0.0814, 1.8209 0.9068 0.0039, 1.8209 0.9112 0.0893, 1.8209 1.0293 0.1575, 1.8209 0.9505 0.1575, 1.8209 1.0253 0.1224, 1.8209 0.9479 0.1371, 1.8209 1.0137 0.0892, 1.8209 0.94 0.1181, 1.8209 0.9949 0.0593, 1.8209 0.9275 0.1018, 1.8209 0.97 0.0344, 1.8209 0.9401 0.0156, -2.7067 0.9505 0.1575, -2.7067 1.0293 0.1575, -2.7067 0.9479 0.1371, -2.7067 1.0253 0.1224, -2.7067 0.94 0.1181, -2.7067 1.0137 0.0892, -2.7067 0.9275 0.1018, -2.7067 0.9068 0.0039, -2.7067 0.8922 0.0814, -2.7067 0.9401 0.0156, -2.7067 0.9112 0.0893, -2.7067 0.97 0.0344, -2.7067 0.9949 0.0593, -2.3917 1.0293 0.419, -2.3917 0.9505 0.419, -2.313 1.0293 0.4978, -2.313 0.9505 0.4978, -2.3334 1.0293 0.4951, -2.3334 0.9505 0.4951, -2.3524 1.0293 0.4872, -2.3524 0.9505 0.4872, -2.3687 1.0293 0.4747, -2.3687 0.9505 0.4747, -2.3812 1.0293 0.4584, -2.3812 0.9505 0.4584, -2.389 1.0293 0.4394, -2.389 0.9505 0.4394, -1.998 1.0293 0.4978, -1.998 0.9505 0.4978, -1.9193 1.0293 0.5765, -1.9193 0.9505 0.5765, -1.9213 0.9505 0.559, -1.9213 1.0293 0.559, -1.9271 0.9505 0.5424, -1.9271 1.0293 0.5424, -1.9365 0.9505 0.5274, -1.9365 1.0293 0.5274, -1.9489 0.9505 0.515, -1.9489 1.0293 0.515, -1.9639 0.9505 0.5056, -1.9639 1.0293 0.5056, -1.9805 0.9505 0.4998, -1.9805 1.0293 0.4998, -1.9193 1.0293 0.8127, -1.9193 0.9505 0.8127, -1.8406 1.0293 0.8915, -1.8406 0.9505 0.8915, -1.8609 1.0293 0.8888, -1.8609 0.9505 0.8888, -1.8799 1.0293 0.8809, -1.8799 0.9505 0.8809, -1.8962 1.0293 0.8684, -1.8962 0.9505 0.8684, -1.9087 1.0293 0.8521, -1.9087 0.9505 0.8521, -1.9166 1.0293 0.8331, -1.9166 0.9505 0.8331, 1.1122 1.0293 0.8915, 1.1122 0.9505 0.8915, 1.1909 1.0293 0.8127, 1.1909 0.9505 0.8127, 1.189 1.0293 0.8303, 1.189 0.9505 0.8303, 1.1831 1.0293 0.8469, 1.1831 0.9505 0.8469, 1.1738 1.0293 0.8618, 1.1738 0.9505 0.8618, 1.1613 1.0293 0.8743, 1.1613 0.9505 0.8743, 1.1464 1.0293 0.8837, 1.1464 0.9505 0.8837, 1.1297 1.0293 0.8895, 1.1297 0.9505 0.8895, 1.1909 1.0293 0.5765, 1.1909 0.9505 0.5765, 1.2697 1.0293 0.4978, 1.2697 0.9505 0.4978, 1.2493 0.9505 0.5005, 1.2493 1.0293 0.5005, 1.2303 0.9505 0.5083, 1.2303 1.0293 0.5083, 1.214 0.9505 0.5209, 1.214 1.0293 0.5209, 1.2015 0.9505 0.5372, 1.2015 1.0293 0.5372, 1.1936 0.9505 0.5561, 1.1936 1.0293 0.5561, 1.4272 1.0293 0.4978, 1.4272 0.9505 0.4978, 1.5059 1.0293 0.419, 1.5059 0.9505 0.419, 1.5039 1.0293 0.4366, 1.5039 0.9505 0.4366, 1.4981 1.0293 0.4532, 1.4981 0.9505 0.4532, 1.4887 1.0293 0.4681, 1.4887 0.9505 0.4681, 1.4763 1.0293 0.4806, 1.4763 0.9505 0.4806, 1.4613 1.0293 0.49, 1.4613 0.9505 0.49, 1.4447 1.0293 0.4958, 1.4447 0.9505 0.4958, 1.8209 1.0293 0.419, 1.8209 0.9505 0.419, 1.8996 1.0293 0.4978, 1.8996 0.9505 0.4978, 1.8821 1.0293 0.4958, 1.8821 0.9505 0.4958, 1.8654 1.0293 0.49, 1.8654 0.9505 0.49, 1.8505 1.0293 0.4806, 1.8505 0.9505 0.4806, 1.838 1.0293 0.4681, 1.838 0.9505 0.4681, 1.8287 1.0293 0.4532, 1.8287 0.9505 0.4532, 1.8228 1.0293 0.4366, 1.8228 0.9505 0.4366, 2.628 1.0293 0.4978, 2.628 0.9505 0.4978, 2.7067 1.0293 0.5765, 2.7067 0.9505 0.5765, 2.704 0.9505 0.5561, 2.704 1.0293 0.5561, 2.6961 0.9505 0.5372, 2.6961 1.0293 0.5372, 2.6836 0.9505 0.5209, 2.6836 1.0293 0.5209, 2.6673 0.9505 0.5083, 2.6673 1.0293 0.5083, 2.6483 0.9505 0.5005, 2.6483 1.0293 0.5005, 2.6483 1.0293 0.5005
            ]
        }
        coordIndex [
            0,1,2,-1,3,4,5,-1,6,7,8,-1,9,10,11,-1,12,13,14,-1,15,16,17,-1,18,19,20,-1,21,22,23,-1,23,22,24,-1,23,24,25,-1,26,27,28,-1,28,27,23,-1,28,23,29,-1,29,23,30,-1,25,31,23,-1,23,31,32,-1,23,32,30,-1,33,34,35,-1,36,37,38,-1,38,37,39,-1,38,39,40,-1,33,35,41,-1,41,35,42,-1,41,42,38,-1,38,42,43,-1,38,43,36,-1,40,44,38,-1,38,44,45,-1,38,45,46,-1,46,45,47,-1,46,47,48,-1,47,49,50,-1,47,51,48,-1,48,51,52,-1,48,52,53,-1,53,52,54,-1,53,54,55,-1,50,56,47,-1,47,56,57,-1,47,57,51,-1,58,59,60,-1,58,60,61,-1,59,62,60,-1,60,62,63,-1,60,63,64,-1,64,63,65,-1,65,66,64,-1,64,66,67,-1,64,67,47,-1,47,67,68,-1,47,68,49,-1,69,61,70,-1,70,61,60,-1,70,60,71,-1,71,60,72,-1,73,74,3,-1,75,76,3,-1,3,76,77,-1,74,78,3,-1,3,78,79,-1,3,79,20,-1,20,79,80,-1,20,80,18,-1,77,81,3,-1,3,81,82,-1,3,82,83,-1,73,3,84,-1,84,3,83,-1,84,83,85,-1,85,83,86,-1,85,86,60,-1,60,86,87,-1,60,87,72,-1,88,89,75,-1,75,89,90,-1,75,90,91,-1,91,92,75,-1,75,92,93,-1,75,93,76,-1,94,95,96,-1,97,98,88,-1,99,100,101,-1,101,100,102,-1,94,96,103,-1,97,88,104,-1,105,106,100,-1,100,106,107,-1,100,107,108,-1,26,109,27,-1,27,109,110,-1,27,110,88,-1,88,110,111,-1,88,111,104,-1,95,112,96,-1,96,112,113,-1,96,113,114,-1,115,116,117,-1,117,116,118,-1,117,118,119,-1,120,108,121,-1,121,108,122,-1,121,122,117,-1,117,122,123,-1,117,123,115,-1,120,124,108,-1,108,124,125,-1,108,125,100,-1,100,125,126,-1,100,126,102,-1,127,128,129,-1,129,128,130,-1,129,130,96,-1,96,130,131,-1,96,131,103,-1,132,133,96,-1,96,133,134,-1,96,134,100,-1,100,134,135,-1,100,135,105,-1,136,137,89,-1,89,137,138,-1,89,138,139,-1,139,140,89,-1,89,140,141,-1,89,141,142,-1,142,141,127,-1,142,127,143,-1,143,127,129,-1,98,144,88,-1,88,144,145,-1,88,145,89,-1,89,145,146,-1,89,146,136,-1,114,147,96,-1,96,147,148,-1,96,148,149,-1,149,150,96,-1,96,150,151,-1,96,151,132,-1,152,153,154,-1,153,155,154,-1,154,155,156,-1,154,156,157,-1,107,154,108,-1,108,154,158,-1,108,158,159,-1,160,161,162,-1,162,161,163,-1,162,163,164,-1,160,162,107,-1,107,162,165,-1,107,165,154,-1,154,165,166,-1,154,166,152,-1,167,168,169,-1,169,168,170,-1,169,170,171,-1,157,156,172,-1,172,156,173,-1,172,173,174,-1,174,173,175,-1,174,175,176,-1,159,177,108,-1,108,177,169,-1,108,169,178,-1,178,169,171,-1,179,15,180,-1,181,182,183,-1,183,182,184,-1,183,184,185,-1,185,184,186,-1,187,188,8,-1,15,17,180,-1,180,17,189,-1,180,189,187,-1,190,191,192,-1,192,191,193,-1,192,193,194,-1,195,196,197,-1,198,199,200,-1,200,199,201,-1,200,201,202,-1,202,201,195,-1,203,190,204,-1,204,190,205,-1,204,205,206,-1,206,205,207,-1,197,196,208,-1,208,196,209,-1,208,209,210,-1,194,193,211,-1,211,193,212,-1,211,212,213,-1,214,212,215,-1,215,212,216,-1,209,213,210,-1,210,213,212,-1,210,212,217,-1,217,212,214,-1,218,219,217,-1,220,221,14,-1,222,223,224,-1,225,226,217,-1,217,226,227,-1,217,227,228,-1,219,229,217,-1,217,229,230,-1,217,230,210,-1,210,230,231,-1,210,231,232,-1,221,233,14,-1,14,233,234,-1,14,234,12,-1,228,235,217,-1,217,235,236,-1,217,236,237,-1,238,239,217,-1,217,239,240,-1,217,240,218,-1,225,241,226,-1,226,241,242,-1,226,242,224,-1,224,242,243,-1,224,243,222,-1,237,244,217,-1,217,244,245,-1,217,245,238,-1,232,246,210,-1,210,246,247,-1,210,247,14,-1,14,247,248,-1,14,248,220,-1,249,250,251,-1,251,250,252,-1,251,252,253,-1,254,255,256,-1,257,258,256,-1,256,258,259,-1,256,259,254,-1,260,261,256,-1,256,261,262,-1,256,262,257,-1,13,263,264,-1,264,263,265,-1,264,265,260,-1,260,265,266,-1,260,266,261,-1,267,268,269,-1,269,268,270,-1,269,270,271,-1,271,270,272,-1,271,272,273,-1,273,272,274,-1,273,274,275,-1,275,274,276,-1,275,276,277,-1,278,279,280,-1,280,279,281,-1,280,281,282,-1,278,280,283,-1,283,280,284,-1,283,284,285,-1,282,286,280,-1,280,286,287,-1,280,287,267,-1,267,287,288,-1,267,288,268,-1,285,284,289,-1,289,284,290,-1,289,290,291,-1,291,290,292,-1,291,292,293,-1,293,292,294,-1,293,294,295,-1,295,294,296,-1,295,296,297,-1,297,296,298,-1,297,298,299,-1,299,298,300,-1,299,300,301,-1,301,300,302,-1,301,302,303,-1,303,302,304,-1,303,304,305,-1,305,304,306,-1,305,306,307,-1,308,309,310,-1,310,309,311,-1,308,312,309,-1,309,312,313,-1,309,313,306,-1,306,313,314,-1,306,314,307,-1,311,309,315,-1,315,309,316,-1,315,316,317,-1,317,316,318,-1,317,318,319,-1,319,318,320,-1,319,320,321,-1,321,320,322,-1,321,322,323,-1,323,322,324,-1,323,324,325,-1,19,326,20,-1,20,326,327,-1,20,327,328,-1,328,327,329,-1,328,329,330,-1,330,331,328,-1,328,331,332,-1,328,332,324,-1,324,332,333,-1,324,333,325,-1,255,253,256,-1,256,253,252,-1,256,252,260,-1,260,252,334,-1,260,334,23,-1,23,334,35,-1,23,35,21,-1,21,35,34,-1,249,216,250,-1,250,216,212,-1,250,212,335,-1,335,212,193,-1,335,193,336,-1,336,193,191,-1,336,191,337,-1,337,191,338,-1,337,338,339,-1,340,341,342,-1,339,343,344,-1,344,343,184,-1,344,184,341,-1,341,184,182,-1,341,182,342,-1,345,346,347,-1,340,342,347,-1,347,342,348,-1,347,348,345,-1,349,350,180,-1,351,352,353,-1,353,352,354,-1,353,354,355,-1,355,354,181,-1,183,179,181,-1,181,179,180,-1,181,180,355,-1,355,180,356,-1,357,358,356,-1,356,358,359,-1,356,359,360,-1,360,359,361,-1,360,361,362,-1,362,363,360,-1,360,363,364,-1,360,364,365,-1,365,366,360,-1,360,366,352,-1,360,352,367,-1,367,352,351,-1,367,351,368,-1,368,351,369,-1,370,371,356,-1,356,371,372,-1,356,372,357,-1,350,373,180,-1,180,373,374,-1,180,374,356,-1,356,374,375,-1,356,375,370,-1,339,338,343,-1,343,338,376,-1,343,376,377,-1,378,379,343,-1,343,379,380,-1,377,381,343,-1,343,381,382,-1,343,382,378,-1,383,384,8,-1,8,384,385,-1,8,385,386,-1,186,184,188,-1,188,184,343,-1,188,343,8,-1,8,343,380,-1,8,380,383,-1,387,388,197,-1,389,390,391,-1,391,390,392,-1,388,191,197,-1,197,191,190,-1,197,190,195,-1,195,190,203,-1,195,203,202,-1,388,393,191,-1,191,393,394,-1,191,394,338,-1,338,394,395,-1,338,395,376,-1,396,397,398,-1,399,400,401,-1,401,400,402,-1,396,398,403,-1,404,405,406,-1,399,407,400,-1,400,407,408,-1,400,408,409,-1,409,408,410,-1,411,412,410,-1,410,412,413,-1,410,413,409,-1,414,415,398,-1,398,415,416,-1,398,416,403,-1,417,418,419,-1,419,418,420,-1,419,420,421,-1,404,422,405,-1,405,422,423,-1,405,423,424,-1,424,423,425,-1,424,425,426,-1,14,427,428,-1,421,429,419,-1,419,429,430,-1,419,430,14,-1,14,430,402,-1,14,402,427,-1,427,402,400,-1,428,431,14,-1,14,431,432,-1,14,432,433,-1,434,435,436,-1,436,435,437,-1,436,437,426,-1,426,437,438,-1,426,438,424,-1,439,440,410,-1,410,440,441,-1,410,441,442,-1,443,444,445,-1,445,444,446,-1,445,446,447,-1,442,448,410,-1,410,448,449,-1,410,449,411,-1,397,450,451,-1,451,450,452,-1,450,453,452,-1,452,453,454,-1,452,454,419,-1,419,454,455,-1,419,455,417,-1,443,434,444,-1,444,434,436,-1,444,436,456,-1,456,436,457,-1,456,457,458,-1,458,457,459,-1,458,459,460,-1,460,459,461,-1,462,461,451,-1,451,461,459,-1,451,459,397,-1,397,459,457,-1,397,457,398,-1,462,451,10,-1,10,451,463,-1,10,463,11,-1,464,465,11,-1,466,467,210,-1,468,469,11,-1,11,469,470,-1,433,404,14,-1,14,404,406,-1,14,406,210,-1,210,406,471,-1,210,471,466,-1,467,472,210,-1,210,472,473,-1,210,473,208,-1,208,473,474,-1,208,474,464,-1,475,476,465,-1,465,476,477,-1,465,477,11,-1,11,477,478,-1,11,478,468,-1,470,479,11,-1,11,479,480,-1,11,480,9,-1,481,482,483,-1,483,482,484,-1,483,484,485,-1,483,486,481,-1,481,486,487,-1,481,487,488,-1,488,489,481,-1,481,489,490,-1,481,490,491,-1,491,490,492,-1,491,492,493,-1,493,492,494,-1,493,494,465,-1,465,494,495,-1,465,495,475,-1,496,497,485,-1,485,497,498,-1,485,498,483,-1,499,500,447,-1,447,500,501,-1,447,501,445,-1,499,502,500,-1,500,502,503,-1,500,503,504,-1,504,503,505,-1,504,506,507,-1,505,508,504,-1,504,508,509,-1,504,509,510,-1,510,511,504,-1,504,511,512,-1,504,512,506,-1,507,513,504,-1,504,513,514,-1,504,514,515,-1,516,517,391,-1,391,517,518,-1,519,520,521,-1,392,387,391,-1,391,387,197,-1,391,197,516,-1,516,197,522,-1,516,522,523,-1,523,522,519,-1,523,519,524,-1,524,519,521,-1,525,526,11,-1,464,11,208,-1,208,11,526,-1,208,526,197,-1,197,526,527,-1,197,527,522,-1,528,529,525,-1,530,531,532,-1,532,531,533,-1,532,533,528,-1,528,525,532,-1,532,525,11,-1,532,11,534,-1,534,11,463,-1,534,463,535,-1,534,536,532,-1,532,536,537,-1,532,537,538,-1,539,540,541,-1,541,540,542,-1,541,542,463,-1,463,542,543,-1,463,543,535,-1,538,544,532,-1,532,544,545,-1,532,545,530,-1,546,547,548,-1,546,548,549,-1,547,550,548,-1,548,550,551,-1,548,551,541,-1,541,551,552,-1,541,552,539,-1,187,8,180,-1,180,8,7,-1,180,7,553,-1,366,349,352,-1,352,349,180,-1,352,180,554,-1,554,180,553,-1,555,556,557,-1,557,556,558,-1,557,558,559,-1,560,561,352,-1,352,561,562,-1,558,560,559,-1,559,560,352,-1,559,352,563,-1,563,352,554,-1,563,554,564,-1,564,554,565,-1,564,565,566,-1,566,565,567,-1,561,568,562,-1,562,568,569,-1,562,569,518,-1,518,569,6,-1,518,6,391,-1,391,6,8,-1,391,8,389,-1,389,8,386,-1,570,354,571,-1,571,354,352,-1,571,352,572,-1,572,352,562,-1,572,562,548,-1,548,562,518,-1,548,518,549,-1,549,518,517,-1,573,570,574,-1,574,570,571,-1,574,571,575,-1,575,571,572,-1,575,572,576,-1,576,572,548,-1,576,548,577,-1,577,548,541,-1,577,541,578,-1,578,541,463,-1,578,463,579,-1,579,463,451,-1,579,451,580,-1,580,451,452,-1,13,264,14,-1,14,264,581,-1,14,581,419,-1,419,581,5,-1,419,5,452,-1,452,5,4,-1,452,4,580,-1,582,583,584,-1,584,583,585,-1,584,585,586,-1,3,5,75,-1,75,5,581,-1,75,581,88,-1,88,581,587,-1,88,587,27,-1,27,587,588,-1,27,588,264,-1,264,588,589,-1,264,589,590,-1,591,592,590,-1,590,592,586,-1,590,586,264,-1,264,586,585,-1,264,585,581,-1,581,585,593,-1,581,593,587,-1,594,595,23,-1,23,595,0,-1,23,0,260,-1,260,0,2,-1,260,2,264,-1,264,2,596,-1,264,596,27,-1,27,596,594,-1,27,594,23,-1,280,277,597,-1,597,277,598,-1,599,600,309,-1,309,600,328,-1,601,602,603,-1,601,603,604,-1,605,606,600,-1,600,606,607,-1,600,607,603,-1,603,607,608,-1,603,608,604,-1,609,610,597,-1,597,610,611,-1,597,611,612,-1,600,613,614,-1,602,615,603,-1,603,615,616,-1,603,616,617,-1,617,616,618,-1,617,618,619,-1,598,620,597,-1,597,620,621,-1,597,621,609,-1,614,622,600,-1,600,622,623,-1,600,623,605,-1,619,624,617,-1,617,624,625,-1,617,625,626,-1,627,628,618,-1,618,628,629,-1,618,629,619,-1,627,630,628,-1,628,630,631,-1,628,631,632,-1,626,633,617,-1,617,633,634,-1,617,634,635,-1,636,637,599,-1,599,637,638,-1,599,638,639,-1,599,640,600,-1,600,640,641,-1,600,641,613,-1,612,642,597,-1,597,642,643,-1,597,643,599,-1,599,643,644,-1,599,644,636,-1,639,645,599,-1,599,645,646,-1,599,646,640,-1,287,621,276,-1,276,621,620,-1,326,606,327,-1,327,606,605,-1,327,605,329,-1,329,605,623,-1,329,623,330,-1,330,623,622,-1,330,622,331,-1,331,622,614,-1,331,614,332,-1,332,614,613,-1,332,613,333,-1,333,613,641,-1,315,333,640,-1,640,333,641,-1,315,640,311,-1,311,640,646,-1,311,646,310,-1,310,646,645,-1,310,645,308,-1,308,645,639,-1,308,639,312,-1,312,639,638,-1,312,638,313,-1,313,638,637,-1,313,637,314,-1,314,637,636,-1,314,636,307,-1,307,636,644,-1,283,307,643,-1,643,307,644,-1,283,643,278,-1,278,643,642,-1,278,642,279,-1,279,642,612,-1,279,612,281,-1,281,612,611,-1,281,611,282,-1,282,611,610,-1,282,610,286,-1,286,610,609,-1,286,609,287,-1,287,609,621,-1,617,342,603,-1,603,342,573,-1,342,617,635,-1,342,635,348,-1,348,635,634,-1,348,634,345,-1,345,634,633,-1,345,633,346,-1,346,633,626,-1,346,626,347,-1,347,626,625,-1,347,625,340,-1,340,625,624,-1,340,624,341,-1,42,341,619,-1,619,341,624,-1,42,619,629,-1,42,629,43,-1,43,629,628,-1,43,628,36,-1,36,628,632,-1,36,632,37,-1,37,632,631,-1,37,631,39,-1,39,631,630,-1,39,630,40,-1,40,630,627,-1,40,627,44,-1,44,627,618,-1,44,618,45,-1,84,45,616,-1,616,45,618,-1,84,616,73,-1,73,616,615,-1,73,615,74,-1,74,615,602,-1,74,602,78,-1,78,602,601,-1,78,601,79,-1,79,601,604,-1,79,604,80,-1,80,604,608,-1,80,608,18,-1,18,608,607,-1,326,18,606,-1,606,18,607,-1,647,648,649,-1,649,648,650,-1,649,650,651,-1,651,650,652,-1,651,652,653,-1,653,652,654,-1,653,654,655,-1,655,654,656,-1,655,656,657,-1,657,656,658,-1,657,658,659,-1,659,658,660,-1,659,660,600,-1,600,660,328,-1,573,328,660,-1,573,660,661,-1,661,660,658,-1,661,658,662,-1,662,658,656,-1,662,656,663,-1,663,656,654,-1,663,654,664,-1,664,654,652,-1,664,652,665,-1,665,652,650,-1,665,650,666,-1,666,650,648,-1,666,648,667,-1,603,573,668,-1,668,573,661,-1,668,661,669,-1,669,661,662,-1,669,662,670,-1,670,662,663,-1,670,663,671,-1,671,663,664,-1,671,664,672,-1,672,664,665,-1,672,665,673,-1,673,665,666,-1,673,666,674,-1,674,666,667,-1,674,647,673,-1,673,647,649,-1,673,649,672,-1,672,649,651,-1,672,651,671,-1,671,651,653,-1,671,653,670,-1,670,653,655,-1,670,655,669,-1,669,655,657,-1,669,657,668,-1,668,657,659,-1,668,659,603,-1,603,659,600,-1,675,676,677,-1,677,676,678,-1,677,678,679,-1,679,678,680,-1,679,680,681,-1,681,680,682,-1,681,682,683,-1,683,682,684,-1,683,684,685,-1,685,684,686,-1,685,686,620,-1,620,686,276,-1,277,276,686,-1,277,686,687,-1,687,686,684,-1,687,684,688,-1,688,684,682,-1,688,682,689,-1,689,682,680,-1,689,680,690,-1,690,680,678,-1,690,678,691,-1,691,678,676,-1,691,676,692,-1,598,277,693,-1,693,277,687,-1,693,687,694,-1,694,687,688,-1,694,688,695,-1,695,688,689,-1,695,689,696,-1,696,689,690,-1,696,690,697,-1,697,690,691,-1,697,691,698,-1,698,691,692,-1,698,675,697,-1,697,675,677,-1,697,677,696,-1,696,677,679,-1,696,679,695,-1,695,679,681,-1,695,681,694,-1,694,681,683,-1,694,683,693,-1,693,683,685,-1,693,685,598,-1,598,685,620,-1,699,700,701,-1,699,701,702,-1,702,701,703,-1,702,703,704,-1,704,703,705,-1,704,705,706,-1,706,705,707,-1,706,707,708,-1,708,707,709,-1,708,709,710,-1,710,709,711,-1,710,711,712,-1,699,713,700,-1,700,713,714,-1,715,716,717,-1,715,717,718,-1,718,717,719,-1,718,719,720,-1,720,719,721,-1,720,721,722,-1,722,721,723,-1,722,723,724,-1,724,723,725,-1,724,725,726,-1,726,725,714,-1,726,714,713,-1,712,711,727,-1,727,711,728,-1,716,715,729,-1,729,715,730,-1,731,732,733,-1,731,733,734,-1,734,733,735,-1,734,735,736,-1,736,735,737,-1,736,737,738,-1,738,737,739,-1,738,739,740,-1,740,739,741,-1,740,741,742,-1,742,741,743,-1,742,743,744,-1,731,745,732,-1,732,745,746,-1,747,748,749,-1,747,749,750,-1,750,749,751,-1,750,751,752,-1,752,751,753,-1,752,753,754,-1,754,753,755,-1,754,755,756,-1,756,755,757,-1,756,757,758,-1,758,757,746,-1,758,746,745,-1,744,743,759,-1,759,743,760,-1,761,760,746,-1,746,760,743,-1,746,743,732,-1,732,743,733,-1,739,737,735,-1,751,749,753,-1,753,749,748,-1,753,748,755,-1,761,746,748,-1,748,746,757,-1,748,757,755,-1,733,743,735,-1,735,743,741,-1,735,741,739,-1,716,729,714,-1,716,714,717,-1,729,728,714,-1,714,728,711,-1,714,711,700,-1,705,703,701,-1,714,725,717,-1,717,725,723,-1,717,723,719,-1,719,723,721,-1,705,701,707,-1,700,711,701,-1,701,711,709,-1,701,709,707,-1,748,747,761,-1,761,747,762,-1,763,764,765,-1,765,764,766,-1,765,766,767,-1,767,766,768,-1,767,768,769,-1,769,768,770,-1,769,770,771,-1,771,770,772,-1,771,772,773,-1,773,772,774,-1,773,774,728,-1,728,774,727,-1,727,730,712,-1,712,730,715,-1,726,713,715,-1,720,722,724,-1,715,713,712,-1,712,713,699,-1,712,699,710,-1,702,704,706,-1,726,715,724,-1,724,715,718,-1,724,718,720,-1,702,706,699,-1,699,706,708,-1,699,708,710,-1,729,730,775,-1,775,730,776,-1,775,776,777,-1,777,776,778,-1,777,778,779,-1,779,778,780,-1,779,780,781,-1,781,780,782,-1,781,782,783,-1,783,782,784,-1,783,784,785,-1,785,784,786,-1,787,788,789,-1,789,788,790,-1,789,790,791,-1,791,790,792,-1,791,792,793,-1,793,792,794,-1,793,794,795,-1,795,794,796,-1,795,796,797,-1,797,796,798,-1,797,798,760,-1,760,798,759,-1,759,762,744,-1,744,762,747,-1,734,736,744,-1,750,752,754,-1,754,756,750,-1,750,756,758,-1,750,758,747,-1,747,758,745,-1,747,745,744,-1,744,745,731,-1,744,731,734,-1,738,740,736,-1,736,740,742,-1,736,742,744,-1,799,787,800,-1,800,787,789,-1,800,789,801,-1,801,789,791,-1,801,791,802,-1,802,791,793,-1,802,793,803,-1,803,793,795,-1,803,795,804,-1,804,795,797,-1,804,797,761,-1,761,797,760,-1,785,763,783,-1,783,763,765,-1,783,765,781,-1,781,765,767,-1,781,767,779,-1,779,767,769,-1,779,769,777,-1,777,769,771,-1,777,771,775,-1,775,771,773,-1,775,773,729,-1,729,773,728,-1,761,762,804,-1,804,762,805,-1,804,805,803,-1,803,805,806,-1,803,806,802,-1,802,806,807,-1,802,807,801,-1,801,807,808,-1,801,808,800,-1,800,808,809,-1,800,809,799,-1,799,809,810,-1,811,812,813,-1,811,813,814,-1,814,813,815,-1,814,815,816,-1,816,815,817,-1,816,817,818,-1,818,817,819,-1,818,819,820,-1,820,819,821,-1,820,821,822,-1,822,821,823,-1,822,823,824,-1,811,825,812,-1,812,825,826,-1,827,828,829,-1,829,828,830,-1,829,830,831,-1,831,830,832,-1,831,832,833,-1,833,832,834,-1,833,834,835,-1,835,834,836,-1,835,836,837,-1,837,836,838,-1,837,838,825,-1,825,838,826,-1,763,828,764,-1,764,828,827,-1,730,727,774,-1,730,774,776,-1,776,774,772,-1,776,772,778,-1,778,772,770,-1,778,770,780,-1,780,770,768,-1,780,768,782,-1,782,768,766,-1,782,766,784,-1,784,766,764,-1,784,764,786,-1,786,839,785,-1,785,839,840,-1,841,842,843,-1,843,842,844,-1,843,844,845,-1,845,844,846,-1,845,846,847,-1,847,846,848,-1,847,848,849,-1,849,848,850,-1,849,850,851,-1,851,850,852,-1,851,852,839,-1,839,852,840,-1,841,853,842,-1,842,853,854,-1,855,856,857,-1,857,856,858,-1,857,858,859,-1,859,858,860,-1,859,860,861,-1,861,860,862,-1,861,862,863,-1,863,862,864,-1,863,864,865,-1,865,864,866,-1,865,866,853,-1,853,866,854,-1,787,856,788,-1,788,856,855,-1,762,759,798,-1,762,798,805,-1,805,798,796,-1,805,796,806,-1,806,796,794,-1,806,794,807,-1,807,794,792,-1,807,792,808,-1,808,792,790,-1,808,790,809,-1,809,790,788,-1,809,788,810,-1,857,859,676,-1,859,861,676,-1,676,861,863,-1,676,863,865,-1,865,853,676,-1,676,853,841,-1,676,841,692,-1,692,841,843,-1,692,843,845,-1,845,847,692,-1,692,847,849,-1,692,849,851,-1,839,786,764,-1,764,827,839,-1,839,827,829,-1,839,829,851,-1,851,829,831,-1,851,831,833,-1,857,676,855,-1,855,676,810,-1,855,810,788,-1,833,835,851,-1,851,835,837,-1,851,837,692,-1,692,837,825,-1,692,825,824,-1,824,825,811,-1,824,811,814,-1,820,822,818,-1,818,822,824,-1,818,824,816,-1,816,824,814,-1,675,799,676,-1,676,799,810,-1,698,850,848,-1,812,826,823,-1,823,826,698,-1,850,832,830,-1,826,838,698,-1,698,838,836,-1,698,836,850,-1,850,836,834,-1,850,834,832,-1,854,866,675,-1,675,866,864,-1,675,864,862,-1,862,860,675,-1,675,860,858,-1,675,858,799,-1,799,858,856,-1,799,856,787,-1,848,846,698,-1,698,846,844,-1,698,844,675,-1,675,844,842,-1,675,842,854,-1,817,823,819,-1,819,823,821,-1,817,815,823,-1,823,815,813,-1,823,813,812,-1,763,785,828,-1,828,785,840,-1,828,840,830,-1,830,840,852,-1,830,852,850,-1,692,824,698,-1,698,824,823,-1,867,868,869,-1,867,869,870,-1,870,869,871,-1,870,871,872,-1,872,871,873,-1,872,873,874,-1,874,873,875,-1,874,875,876,-1,876,875,877,-1,876,877,878,-1,878,877,879,-1,878,879,880,-1,867,881,868,-1,868,881,882,-1,883,884,885,-1,883,885,886,-1,886,885,887,-1,886,887,888,-1,888,887,889,-1,888,889,890,-1,890,889,891,-1,890,891,892,-1,892,891,893,-1,892,893,894,-1,894,893,882,-1,894,882,881,-1,880,667,883,-1,883,667,648,-1,878,880,867,-1,867,880,881,-1,867,870,872,-1,880,883,881,-1,881,883,886,-1,881,886,888,-1,872,874,867,-1,867,874,876,-1,867,876,878,-1,890,892,888,-1,888,892,894,-1,888,894,881,-1,647,884,648,-1,648,884,883,-1,647,674,884,-1,884,674,879,-1,879,868,884,-1,884,868,882,-1,884,882,885,-1,891,889,887,-1,875,873,877,-1,877,873,871,-1,877,871,879,-1,879,871,869,-1,879,869,868,-1,885,882,887,-1,887,882,893,-1,887,893,891,-1,667,880,674,-1,674,880,879,-1,599,309,895,-1,895,309,896,-1,895,896,897,-1,897,896,898,-1,897,898,899,-1,899,898,900,-1,899,900,901,-1,901,900,902,-1,901,902,903,-1,903,902,904,-1,903,904,905,-1,905,904,906,-1,905,906,907,-1,907,906,908,-1,909,908,906,-1,909,906,910,-1,910,906,904,-1,910,904,911,-1,911,904,902,-1,911,902,912,-1,912,902,900,-1,912,900,913,-1,913,900,898,-1,913,898,914,-1,914,898,896,-1,914,896,915,-1,915,896,309,-1,915,309,280,-1,916,909,917,-1,917,909,910,-1,917,910,918,-1,918,910,911,-1,918,911,919,-1,919,911,912,-1,919,912,920,-1,920,912,913,-1,920,913,921,-1,921,913,914,-1,921,914,922,-1,922,914,915,-1,922,915,597,-1,597,915,280,-1,597,599,922,-1,922,599,895,-1,922,895,921,-1,921,895,897,-1,921,897,920,-1,920,897,899,-1,920,899,919,-1,919,899,901,-1,919,901,918,-1,918,901,903,-1,918,903,917,-1,917,903,905,-1,917,905,916,-1,916,905,907,-1,923,924,925,-1,923,925,926,-1,926,925,927,-1,926,927,928,-1,928,927,929,-1,928,929,930,-1,930,929,931,-1,930,931,932,-1,932,931,933,-1,932,933,934,-1,934,933,935,-1,934,935,936,-1,923,937,924,-1,924,937,938,-1,939,940,941,-1,939,941,942,-1,942,941,943,-1,942,943,944,-1,944,943,945,-1,944,945,946,-1,946,945,947,-1,946,947,948,-1,948,947,949,-1,948,949,950,-1,950,949,938,-1,950,938,937,-1,940,939,951,-1,951,939,952,-1,953,954,955,-1,953,955,956,-1,956,955,957,-1,956,957,958,-1,958,957,959,-1,958,959,960,-1,960,959,961,-1,960,961,962,-1,962,961,963,-1,962,963,964,-1,964,963,965,-1,964,965,966,-1,953,967,954,-1,954,967,968,-1,969,970,971,-1,969,971,972,-1,972,971,973,-1,972,973,974,-1,974,973,975,-1,974,975,976,-1,976,975,977,-1,976,977,978,-1,978,977,979,-1,978,979,980,-1,980,979,968,-1,980,968,967,-1,966,965,981,-1,981,965,982,-1,970,969,983,-1,983,969,984,-1,936,935,985,-1,985,935,986,-1,983,982,970,-1,970,982,965,-1,965,963,961,-1,968,970,954,-1,954,970,965,-1,954,965,955,-1,961,959,965,-1,965,959,957,-1,965,957,955,-1,968,979,970,-1,970,979,977,-1,970,977,971,-1,971,977,975,-1,971,975,973,-1,941,940,949,-1,951,986,940,-1,940,986,935,-1,933,931,929,-1,949,947,941,-1,941,947,945,-1,941,945,943,-1,929,927,933,-1,933,927,925,-1,933,925,935,-1,935,925,924,-1,935,924,940,-1,940,924,938,-1,940,938,949,-1,985,952,936,-1,936,952,939,-1,926,928,930,-1,939,937,936,-1,936,937,923,-1,936,923,934,-1,934,923,926,-1,934,926,932,-1,932,926,930,-1,944,946,942,-1,942,946,948,-1,942,948,939,-1,939,948,950,-1,939,950,937,-1,951,952,987,-1,987,952,988,-1,987,988,989,-1,990,991,992,-1,992,991,993,-1,992,993,994,-1,994,993,995,-1,994,995,996,-1,996,995,997,-1,996,997,998,-1,998,997,989,-1,998,989,999,-1,999,989,988,-1,1000,1001,1002,-1,1002,1001,1003,-1,1002,1003,1004,-1,1004,1003,1005,-1,1004,1005,1006,-1,981,982,1007,-1,1007,982,1008,-1,1007,1008,1009,-1,1009,1008,1010,-1,1009,1010,1011,-1,1011,1010,1006,-1,1011,1006,1012,-1,1012,1006,1005,-1,966,981,984,-1,980,967,969,-1,969,967,984,-1,962,964,966,-1,974,976,978,-1,980,969,978,-1,978,969,972,-1,978,972,974,-1,984,967,966,-1,966,967,953,-1,966,953,956,-1,956,958,966,-1,966,958,960,-1,966,960,962,-1,983,984,1013,-1,1013,984,1014,-1,1013,1014,1015,-1,1016,1017,1018,-1,1018,1017,1019,-1,1018,1019,1020,-1,1020,1019,1021,-1,1020,1021,1022,-1,1022,1021,1023,-1,1022,1023,1024,-1,1024,1023,1015,-1,1024,1015,1025,-1,1025,1015,1014,-1,1026,1027,1028,-1,1028,1027,1029,-1,1028,1029,1030,-1,1030,1029,1031,-1,1030,1031,1032,-1,985,986,1033,-1,1033,986,1034,-1,1033,1034,1035,-1,1035,1034,1036,-1,1035,1036,1037,-1,1037,1036,1032,-1,1037,1032,1038,-1,1038,1032,1031,-1,1017,1000,1019,-1,1019,1000,1002,-1,1019,1002,1021,-1,1021,1002,1004,-1,1021,1004,1023,-1,1023,1004,1006,-1,1023,1006,1015,-1,1015,1006,1010,-1,1015,1010,1013,-1,1013,1010,1008,-1,1013,1008,983,-1,983,1008,982,-1,991,1026,993,-1,993,1026,1028,-1,993,1028,995,-1,995,1028,1030,-1,995,1030,997,-1,997,1030,1032,-1,997,1032,989,-1,989,1032,1036,-1,989,1036,987,-1,987,1036,1034,-1,987,1034,951,-1,951,1034,986,-1,952,985,1033,-1,952,1033,988,-1,988,1033,1035,-1,988,1035,999,-1,999,1035,1037,-1,999,1037,998,-1,998,1037,1038,-1,998,1038,996,-1,996,1038,1031,-1,996,1031,994,-1,994,1031,1029,-1,994,1029,992,-1,992,1029,1027,-1,992,1027,990,-1,990,1039,991,-1,991,1039,1040,-1,1041,1042,1043,-1,1043,1042,1044,-1,1043,1044,1045,-1,1045,1044,1046,-1,1045,1046,1047,-1,1047,1046,1048,-1,1047,1048,1049,-1,1049,1048,1050,-1,1049,1050,1051,-1,1051,1050,1052,-1,1051,1052,1039,-1,1039,1052,1040,-1,1041,1053,1042,-1,1042,1053,1054,-1,1055,1056,1057,-1,1055,1057,1058,-1,1058,1057,1059,-1,1058,1059,1060,-1,1060,1059,1061,-1,1060,1061,1062,-1,1062,1061,1063,-1,1062,1063,1064,-1,1064,1063,1065,-1,1064,1065,1066,-1,1066,1065,1067,-1,1066,1067,1068,-1,1068,1067,1054,-1,1068,1054,1053,-1,1055,1069,1056,-1,1056,1069,1070,-1,1071,1072,1073,-1,1073,1072,1074,-1,1073,1074,1075,-1,1075,1074,1076,-1,1075,1076,1077,-1,1077,1076,1078,-1,1077,1078,1079,-1,1079,1078,1080,-1,1079,1080,1081,-1,1081,1080,1082,-1,1081,1082,1069,-1,1069,1082,1070,-1,1071,1083,1072,-1,1072,1083,1084,-1,1085,1086,1087,-1,1087,1086,1088,-1,1087,1088,1089,-1,1089,1088,1090,-1,1089,1090,1091,-1,1091,1090,1092,-1,1091,1092,1093,-1,1093,1092,1094,-1,1093,1094,1095,-1,1095,1094,1096,-1,1095,1096,1097,-1,1097,1096,1098,-1,1097,1098,1083,-1,1083,1098,1084,-1,1085,1099,1086,-1,1086,1099,1100,-1,1101,1102,1103,-1,1101,1103,1104,-1,1104,1103,1105,-1,1104,1105,1106,-1,1106,1105,1107,-1,1106,1107,1108,-1,1108,1107,1109,-1,1108,1109,1110,-1,1110,1109,1111,-1,1110,1111,1112,-1,1112,1111,1100,-1,1112,1100,1099,-1,1101,1113,1102,-1,1102,1113,1114,-1,1115,1116,1117,-1,1117,1116,1118,-1,1117,1118,1119,-1,1119,1118,1120,-1,1119,1120,1121,-1,1121,1120,1122,-1,1121,1122,1123,-1,1123,1122,1124,-1,1123,1124,1125,-1,1125,1124,1126,-1,1125,1126,1127,-1,1127,1126,1128,-1,1127,1128,1113,-1,1113,1128,1114,-1,1000,1116,1001,-1,1001,1116,1115,-1,984,981,1007,-1,984,1007,1014,-1,1014,1007,1009,-1,1014,1009,1025,-1,1025,1009,1011,-1,1025,1011,1024,-1,1024,1011,1012,-1,1024,1012,1022,-1,1022,1012,1005,-1,1022,1005,1020,-1,1020,1005,1003,-1,1020,1003,1018,-1,1018,1003,1001,-1,1018,1001,1016,-1,1016,1129,1017,-1,1017,1129,1130,-1,1131,1132,1133,-1,1133,1132,1134,-1,1133,1134,1135,-1,1135,1134,1136,-1,1135,1136,1137,-1,1137,1136,1138,-1,1137,1138,1139,-1,1139,1138,1140,-1,1139,1140,1141,-1,1141,1140,1142,-1,1141,1142,1143,-1,1143,1142,1144,-1,1143,1144,1129,-1,1129,1144,1130,-1,1131,1145,1132,-1,1132,1145,1146,-1,1147,1148,1149,-1,1147,1149,1150,-1,1150,1149,1151,-1,1150,1151,1152,-1,1152,1151,1153,-1,1152,1153,1154,-1,1154,1153,1155,-1,1154,1155,1156,-1,1156,1155,1157,-1,1156,1157,1158,-1,1158,1157,1146,-1,1158,1146,1145,-1,1041,1043,908,-1,908,1043,1045,-1,908,1045,1047,-1,1047,1049,908,-1,908,1049,1051,-1,908,1051,1027,-1,1027,1051,1039,-1,1027,1039,990,-1,1133,1135,1095,-1,1087,1089,1127,-1,1073,1075,908,-1,908,1075,1077,-1,908,1077,1079,-1,1139,1089,1091,-1,1079,1081,908,-1,908,1081,1069,-1,908,1069,1041,-1,1041,1069,1055,-1,1041,1055,1053,-1,1053,1055,1068,-1,1145,1131,1147,-1,1095,1097,909,-1,909,1097,1083,-1,909,1083,908,-1,908,1083,1071,-1,908,1071,1073,-1,1135,1137,1095,-1,1095,1137,1139,-1,1095,1139,1093,-1,1093,1139,1091,-1,1062,1064,1066,-1,1133,1095,1131,-1,1131,1095,909,-1,1131,909,1147,-1,1139,1141,1119,-1,1119,1141,1143,-1,1119,1121,1139,-1,1139,1121,1123,-1,1139,1123,1089,-1,1089,1123,1125,-1,1089,1125,1127,-1,1062,1066,1060,-1,1068,1055,1066,-1,1066,1055,1058,-1,1066,1058,1060,-1,1154,1147,1152,-1,1152,1147,1150,-1,1154,1156,1147,-1,1147,1156,1158,-1,1147,1158,1145,-1,1016,1001,1129,-1,1129,1001,1115,-1,1129,1115,1143,-1,1143,1115,1117,-1,1143,1117,1119,-1,1087,1127,1085,-1,1085,1127,1113,-1,1085,1113,1101,-1,1104,1106,1101,-1,1101,1106,1108,-1,1101,1108,1110,-1,1110,1112,1101,-1,1101,1112,1099,-1,1101,1099,1085,-1,1148,1147,916,-1,916,1147,909,-1,1026,991,1040,-1,1048,1046,907,-1,1048,907,1050,-1,1070,1082,907,-1,907,1082,1080,-1,1128,1126,1144,-1,1138,1096,1094,-1,1026,1040,907,-1,907,1040,1052,-1,907,1052,1050,-1,1080,1078,907,-1,907,1078,1076,-1,907,1076,1074,-1,1114,1100,1102,-1,1102,1100,1111,-1,1102,1111,1103,-1,1094,1092,1138,-1,1138,1092,1090,-1,1138,1090,1088,-1,1126,1124,1144,-1,1144,1124,1122,-1,1144,1122,1120,-1,1138,1136,1096,-1,1096,1136,1134,-1,1096,1134,916,-1,1116,1000,1017,-1,1074,1072,907,-1,907,1072,1084,-1,907,1084,916,-1,916,1084,1098,-1,916,1098,1096,-1,1046,1044,907,-1,907,1044,1042,-1,907,1042,1070,-1,1070,1042,1054,-1,1070,1054,1056,-1,1056,1054,1057,-1,1109,1107,1111,-1,1111,1107,1105,-1,1111,1105,1103,-1,1120,1118,1144,-1,1144,1118,1116,-1,1144,1116,1130,-1,1130,1116,1017,-1,1114,1128,1100,-1,1100,1128,1144,-1,1100,1144,1086,-1,1086,1144,1142,-1,1086,1142,1088,-1,1088,1142,1140,-1,1088,1140,1138,-1,1134,1132,916,-1,916,1132,1146,-1,916,1146,1148,-1,1148,1146,1149,-1,1155,1153,1151,-1,1065,1063,1061,-1,1149,1146,1151,-1,1151,1146,1157,-1,1151,1157,1155,-1,1054,1067,1057,-1,1057,1067,1065,-1,1057,1065,1059,-1,1059,1065,1061,-1,1027,1026,908,-1,908,1026,907,-1,
        ]
    }
}
Shape{
    appearance Appearance {
        material  Material 	{
            diffuseColor 0.0 0.0 0.0
            specularColor 0.0 0.0 0.0
            ambientIntensity 0.2
            transparency 0
            shininess 0.5
        }
    }
    geometry IndexedFaceSet {
        ccw TRUE
        solid FALSE
        coord DEF co Coordinate {
            point [
                -0.6963 -0.1147 1.3897, -0.6963 -0.1239 1.3897, -0.6963 -0.1147 1.3893, -0.6963 -0.1239 1.3893, -0.7282 -0.1147 1.3897, -0.7282 -0.1147 1.3893, -0.7282 -0.0438 1.3897, -0.7282 -0.0438 1.3893, -0.7385 -0.0438 1.3897, -0.7385 -0.0438 1.3893, -0.7385 -0.1239 1.3897, -0.7385 -0.1239 1.3893, -0.6552 -0.1252 1.3897, -0.6552 -0.1252 1.3893, -0.643 -0.1241 1.3893, -0.643 -0.1241 1.3897, -0.6344 -0.1212 1.3893, -0.6344 -0.1212 1.3897, -0.633 -0.1206 1.3893, -0.633 -0.1206 1.3897, -0.633 -0.1107 1.3897, -0.633 -0.1107 1.3893, -0.6401 -0.1139 1.3893, -0.6401 -0.1139 1.3897, -0.649 -0.1158 1.3893, -0.649 -0.1158 1.3897, -0.6537 -0.116 1.3893, -0.6537 -0.116 1.3897, -0.6614 -0.1151 1.3893, -0.6614 -0.1151 1.3897, -0.6672 -0.113 1.3893, -0.6672 -0.113 1.3897, -0.6725 -0.1094 1.3893, -0.6725 -0.1094 1.3897, -0.6743 -0.1076 1.3893, -0.6743 -0.1076 1.3897, -0.6783 -0.102 1.3893, -0.6783 -0.102 1.3897, -0.6808 -0.0956 1.3893, -0.6808 -0.0956 1.3897, -0.6821 -0.0859 1.3893, -0.6821 -0.0859 1.3897, -0.6821 -0.0847 1.3893, -0.6821 -0.0847 1.3897, -0.6809 -0.0739 1.3893, -0.6809 -0.0739 1.3897, -0.6782 -0.0669 1.3893, -0.6782 -0.0669 1.3897, -0.6743 -0.0613 1.3893, -0.6743 -0.0613 1.3897, -0.6737 -0.0607 1.3893, -0.6737 -0.0607 1.3897, -0.6683 -0.0562 1.3893, -0.6683 -0.0562 1.3897, -0.662 -0.0532 1.3893, -0.662 -0.0532 1.3897, -0.655 -0.0519 1.3893, -0.655 -0.0519 1.3897, -0.6519 -0.0518 1.3893, -0.6519 -0.0518 1.3897, -0.6433 -0.0527 1.3893, -0.6433 -0.0527 1.3897, -0.635 -0.0555 1.3893, -0.635 -0.0555 1.3897, -0.633 -0.0565 1.3893, -0.633 -0.0565 1.3897, -0.633 -0.0457 1.3897, -0.633 -0.0457 1.3893, -0.652 -0.0425 1.3893, -0.652 -0.0425 1.3897, -0.6506 -0.0425 1.3897, -0.6404 -0.0435 1.3893, -0.6404 -0.0435 1.3897, -0.644 -0.0431 1.3893, -0.6506 -0.0425 1.3893, -0.6576 -0.0431 1.3893, -0.6635 -0.0438 1.3897, -0.6635 -0.0438 1.3893, -0.6719 -0.0471 1.3893, -0.6719 -0.0471 1.3897, -0.6796 -0.0525 1.3893, -0.6796 -0.0525 1.3897, -0.6814 -0.0542 1.3893, -0.6814 -0.0542 1.3897, -0.6866 -0.0607 1.3893, -0.6866 -0.0607 1.3897, -0.6894 -0.0668 1.3893, -0.6906 -0.0694 1.3897, -0.6906 -0.0694 1.3893, -0.6927 -0.0796 1.3893, -0.6927 -0.0796 1.3897, -0.693 -0.0854 1.3893, -0.693 -0.0854 1.3897, -0.6915 -0.0983 1.3893, -0.6915 -0.0983 1.3897, -0.6894 -0.1035 1.3893, -0.6882 -0.1066 1.3897, -0.6882 -0.1066 1.3893, -0.6834 -0.1135 1.3893, -0.6834 -0.1135 1.3897, -0.6827 -0.1143 1.3893, -0.6827 -0.1143 1.3897, -0.6768 -0.1193 1.3893, -0.6768 -0.1193 1.3897, -0.6693 -0.123 1.3893, -0.6693 -0.123 1.3897, -0.6608 -0.1249 1.3893, -0.6608 -0.1249 1.3897, -0.574 -0.1147 1.3897, -0.574 -0.1239 1.3897, -0.574 -0.1147 1.3893, -0.574 -0.1239 1.3893, -0.6067 -0.1147 1.3893, -0.6067 -0.1147 1.3897, -0.5851 -0.1147 1.3893, -0.6067 -0.0878 1.3897, -0.6067 -0.0878 1.3893, -0.5781 -0.0878 1.3893, -0.5781 -0.0878 1.3897, -0.5851 -0.0878 1.3893, -0.5781 -0.0786 1.3897, -0.5781 -0.0786 1.3893, -0.6067 -0.0786 1.3893, -0.6067 -0.0786 1.3897, -0.5851 -0.0786 1.3893, -0.6067 -0.053 1.3897, -0.6067 -0.053 1.3893, -0.5758 -0.053 1.3893, -0.5758 -0.053 1.3897, -0.5851 -0.053 1.3893, -0.5758 -0.0438 1.3897, -0.5758 -0.0438 1.3893, -0.617 -0.0438 1.3893, -0.617 -0.0438 1.3897, -0.5851 -0.0438 1.3893, -0.617 -0.1239 1.3897, -0.617 -0.1239 1.3893, -0.5851 -0.1239 1.3893, -0.5089 -0.1012 1.3897, -0.5131 -0.1064 1.3897, -0.5057 -0.1127 1.3897, -0.5141 -0.1073 1.3897, -0.5142 -0.1187 1.3897, -0.5193 -0.1109 1.3897, -0.5233 -0.1222 1.3897, -0.5259 -0.1135 1.3897, -0.5368 -0.1239 1.3897, -0.5369 -0.1147 1.3897, -0.5588 -0.1239 1.3897, -0.5485 -0.1147 1.3897, -0.5588 -0.0438 1.3897, -0.5485 -0.053 1.3897, -0.536 -0.0438 1.3897, -0.5364 -0.053 1.3897, -0.5238 -0.0452 1.3897, -0.526 -0.0542 1.3897, -0.5141 -0.0487 1.3897, -0.5191 -0.0567 1.3897, -0.5057 -0.0544 1.3897, -0.5133 -0.0605 1.3897, -0.5028 -0.0572 1.3897, -0.5104 -0.0635 1.3897, -0.4979 -0.0642 1.3897, -0.5075 -0.0681 1.3897, -0.495 -0.0719 1.3897, -0.5054 -0.0743 1.3897, -0.4936 -0.0828 1.3897, -0.5045 -0.0831 1.3897, -0.494 -0.0891 1.3897, -0.5047 -0.0878 1.3897, -0.4962 -0.0983 1.3897, -0.5062 -0.0952 1.3897, -0.5004 -0.1065 1.3897, -0.5368 -0.1239 1.3893, -0.5588 -0.1239 1.3893, -0.5057 -0.1127 1.3893, -0.5233 -0.1222 1.3893, -0.5222 -0.1218 1.3893, -0.5142 -0.1187 1.3893, -0.5004 -0.1065 1.3893, -0.4962 -0.0983 1.3893, -0.494 -0.0891 1.3893, -0.4936 -0.0828 1.3893, -0.495 -0.0719 1.3893, -0.4979 -0.0642 1.3893, -0.5028 -0.0572 1.3893, -0.5057 -0.0544 1.3893, -0.536 -0.0438 1.3893, -0.5141 -0.0487 1.3893, -0.5222 -0.0457 1.3893, -0.5238 -0.0452 1.3893, -0.5588 -0.0438 1.3893, -0.5364 -0.053 1.3893, -0.5485 -0.053 1.3893, -0.5485 -0.1147 1.3893, -0.5369 -0.1147 1.3893, -0.5131 -0.1064 1.3893, -0.5141 -0.1073 1.3893, -0.5193 -0.1109 1.3893, -0.5259 -0.1135 1.3893, -0.5045 -0.0831 1.3893, -0.5047 -0.0878 1.3893, -0.5062 -0.0952 1.3893, -0.5089 -0.1012 1.3893, -0.5133 -0.0605 1.3893, -0.5104 -0.0635 1.3893, -0.5075 -0.0681 1.3893, -0.5054 -0.0743 1.3893, -0.526 -0.0542 1.3893, -0.5191 -0.0567 1.3893, -0.5191 -0.0567 1.3893
            ]
        }
        coordIndex [
            0,1,2,-1,2,1,3,-1,4,0,5,-1,5,0,2,-1,6,4,7,-1,7,4,5,-1,8,6,9,-1,9,6,7,-1,10,8,11,-1,11,8,9,-1,1,10,3,-1,3,10,11,-1,6,8,4,-1,4,8,10,-1,4,10,0,-1,0,10,1,-1,12,13,14,-1,12,14,15,-1,15,14,16,-1,15,16,17,-1,17,16,18,-1,17,18,19,-1,20,19,21,-1,21,19,18,-1,20,21,22,-1,20,22,23,-1,23,22,24,-1,23,24,25,-1,25,24,26,-1,25,26,27,-1,27,26,28,-1,27,28,29,-1,29,28,30,-1,29,30,31,-1,31,30,32,-1,31,32,33,-1,33,32,34,-1,33,34,35,-1,35,34,36,-1,35,36,37,-1,37,36,38,-1,37,38,39,-1,39,38,40,-1,39,40,41,-1,41,40,42,-1,41,42,43,-1,43,42,44,-1,43,44,45,-1,45,44,46,-1,45,46,47,-1,47,46,48,-1,47,48,49,-1,49,48,50,-1,49,50,51,-1,51,50,52,-1,51,52,53,-1,53,52,54,-1,53,54,55,-1,55,54,56,-1,55,56,57,-1,57,56,58,-1,57,58,59,-1,59,58,60,-1,59,60,61,-1,61,60,62,-1,61,62,63,-1,63,62,64,-1,63,64,65,-1,66,65,67,-1,67,65,64,-1,68,69,70,-1,66,67,71,-1,66,71,72,-1,72,71,73,-1,72,73,70,-1,70,73,74,-1,70,74,68,-1,69,68,75,-1,69,75,76,-1,75,77,76,-1,76,77,78,-1,76,78,79,-1,79,78,80,-1,79,80,81,-1,81,80,82,-1,81,82,83,-1,83,82,84,-1,83,84,85,-1,85,84,86,-1,85,86,87,-1,86,88,87,-1,87,88,89,-1,87,89,90,-1,90,89,91,-1,90,91,92,-1,92,91,93,-1,92,93,94,-1,94,93,95,-1,94,95,96,-1,95,97,96,-1,96,97,98,-1,96,98,99,-1,99,98,100,-1,99,100,101,-1,101,100,102,-1,101,102,103,-1,103,102,104,-1,103,104,105,-1,105,104,106,-1,105,106,107,-1,107,106,13,-1,107,13,12,-1,63,65,66,-1,53,55,76,-1,45,47,85,-1,76,55,69,-1,85,47,83,-1,63,66,61,-1,76,79,53,-1,53,79,81,-1,53,81,51,-1,51,81,83,-1,51,83,49,-1,49,83,47,-1,55,57,69,-1,69,57,59,-1,69,59,70,-1,70,59,61,-1,70,61,72,-1,72,61,66,-1,92,43,90,-1,90,43,45,-1,90,45,87,-1,87,45,85,-1,19,20,17,-1,17,20,23,-1,17,23,15,-1,15,23,25,-1,15,25,12,-1,12,25,27,-1,12,27,107,-1,107,27,29,-1,107,29,105,-1,105,29,31,-1,105,31,103,-1,103,31,33,-1,103,33,101,-1,101,33,35,-1,101,35,99,-1,99,35,37,-1,99,37,96,-1,96,37,94,-1,94,37,39,-1,94,39,92,-1,92,39,41,-1,92,41,43,-1,108,109,110,-1,110,109,111,-1,112,113,114,-1,114,113,108,-1,114,108,110,-1,115,113,116,-1,116,113,112,-1,117,118,119,-1,119,118,115,-1,119,115,116,-1,120,118,121,-1,121,118,117,-1,122,123,124,-1,124,123,120,-1,124,120,121,-1,125,123,126,-1,126,123,122,-1,127,128,129,-1,129,128,125,-1,129,125,126,-1,130,128,131,-1,131,128,127,-1,132,133,134,-1,134,133,130,-1,134,130,131,-1,135,133,136,-1,136,133,132,-1,111,109,137,-1,137,109,135,-1,137,135,136,-1,135,109,108,-1,108,113,135,-1,135,113,115,-1,135,115,133,-1,128,130,125,-1,125,130,133,-1,125,133,123,-1,123,133,115,-1,123,115,120,-1,120,115,118,-1,138,139,140,-1,140,139,141,-1,140,141,142,-1,142,141,143,-1,142,143,144,-1,144,143,145,-1,144,145,146,-1,146,145,147,-1,146,147,148,-1,148,147,149,-1,148,149,150,-1,150,149,151,-1,150,151,152,-1,152,151,153,-1,152,153,154,-1,154,153,155,-1,154,155,156,-1,156,155,157,-1,156,157,158,-1,158,157,159,-1,158,159,160,-1,160,159,161,-1,160,161,162,-1,162,161,163,-1,162,163,164,-1,164,163,165,-1,164,165,166,-1,166,165,167,-1,166,167,168,-1,168,167,169,-1,168,169,170,-1,170,169,171,-1,170,171,172,-1,172,171,138,-1,172,138,140,-1,146,148,173,-1,173,148,174,-1,175,140,142,-1,146,173,176,-1,146,176,144,-1,144,176,177,-1,144,177,142,-1,142,177,178,-1,142,178,175,-1,140,175,179,-1,140,179,172,-1,172,179,180,-1,172,180,170,-1,170,180,181,-1,170,181,168,-1,168,181,182,-1,168,182,166,-1,166,182,183,-1,166,183,164,-1,164,183,184,-1,164,184,162,-1,162,184,185,-1,162,185,160,-1,160,185,186,-1,160,186,158,-1,187,152,154,-1,158,186,188,-1,158,188,156,-1,156,188,189,-1,156,189,154,-1,154,189,190,-1,154,190,187,-1,150,152,191,-1,191,152,187,-1,148,150,174,-1,174,150,191,-1,153,151,192,-1,192,151,193,-1,151,149,193,-1,193,149,194,-1,149,147,194,-1,194,147,195,-1,139,196,197,-1,139,197,141,-1,141,197,198,-1,141,198,143,-1,143,198,199,-1,143,199,145,-1,145,199,195,-1,145,195,147,-1,167,200,201,-1,167,201,169,-1,169,201,202,-1,169,202,171,-1,171,202,203,-1,171,203,138,-1,138,203,196,-1,138,196,139,-1,159,204,205,-1,159,205,161,-1,161,205,206,-1,161,206,163,-1,163,206,207,-1,163,207,165,-1,165,207,200,-1,165,200,167,-1,153,192,208,-1,153,208,155,-1,155,208,209,-1,155,209,157,-1,157,209,204,-1,157,204,159,-1,
        ]
    }
}
Shape{
    appearance Appearance {
        material  Material 	{
            diffuseColor 1.0 0.9568627450980393 0.8862745098039215
            specularColor 0.8784313725490196 0.8431372549019608 0.7803921568627451
            ambientIntensity 0.2
            transparency 0
            shininess 0.5
        }
    }
    geometry IndexedFaceSet {
        ccw TRUE
        solid FALSE
        coord DEF co Coordinate {
            point [
                -0.5485 -0.053 1.3893, -0.5485 -0.1147 1.3893, -0.5364 -0.053 1.3893, -0.5369 -0.1147 1.3893, -0.5259 -0.1135 1.3893, -0.5193 -0.1109 1.3893, -0.5141 -0.1073 1.3893, -0.5131 -0.1064 1.3893, -0.5047 -0.0878 1.3893, -0.5045 -0.0831 1.3893, -0.5054 -0.0743 1.3893, -0.5075 -0.0681 1.3893, -0.5104 -0.0635 1.3893, -0.5133 -0.0605 1.3893, -0.526 -0.0542 1.3893, -0.5191 -0.0567 1.3893, -0.5089 -0.1012 1.3893, -0.5062 -0.0952 1.3893, -0.5062 -0.0952 1.3893
            ]
        }
        coordIndex [
            0,1,2,-1,2,1,3,-1,2,3,4,-1,4,5,2,-1,2,5,6,-1,2,6,7,-1,8,9,2,-1,2,9,10,-1,2,10,11,-1,11,12,2,-1,2,12,13,-1,2,13,14,-1,14,13,15,-1,7,16,2,-1,2,16,17,-1,2,17,8,-1,
        ]
    }
}
Shape{
    appearance Appearance {
        material  Material 	{
            diffuseColor 0.0 0.0 0.0
            specularColor 0.0 0.0 0.0
            ambientIntensity 0.2
            transparency 0
            shininess 0.5
        }
    }
    geometry IndexedFaceSet {
        ccw TRUE
        solid FALSE
        coord DEF co Coordinate {
            point [
                -0.4668 -0.0929 1.3897, -0.4701 -0.102 1.3897, -0.4399 -0.0929 1.3897, -0.4367 -0.102 1.3897, -0.4548 -0.0596 1.3897, -0.4587 -0.0438 1.3897, -0.4892 -0.1239 1.3897, -0.4778 -0.1239 1.3897, -0.4541 -0.0573 1.3897, -0.4535 -0.054 1.3897, -0.4477 -0.0438 1.3897, -0.4533 -0.054 1.3897, -0.4526 -0.0574 1.3897, -0.452 -0.0596 1.3897, -0.4172 -0.1239 1.3897, -0.4286 -0.1239 1.3897, -0.4477 -0.0438 1.3893, -0.4172 -0.1239 1.3893, -0.4587 -0.0438 1.3893, -0.4892 -0.1239 1.3893, -0.4661 -0.0633 1.3893, -0.4778 -0.1239 1.3893, -0.4701 -0.102 1.3893, -0.4367 -0.102 1.3893, -0.4661 -0.102 1.3893, -0.4286 -0.1239 1.3893, -0.4668 -0.0929 1.3893, -0.4399 -0.0929 1.3893, -0.452 -0.0596 1.3893, -0.4533 -0.054 1.3893, -0.4526 -0.0574 1.3893, -0.4535 -0.054 1.3893, -0.4548 -0.0596 1.3893, -0.4541 -0.0573 1.3893, -0.4541 -0.0573 1.3893
            ]
        }
        coordIndex [
            0,1,2,-1,2,1,3,-1,4,5,0,-1,0,5,6,-1,0,6,1,-1,1,6,7,-1,4,8,5,-1,5,8,9,-1,5,9,10,-1,10,9,11,-1,10,11,12,-1,12,13,10,-1,10,13,2,-1,10,2,14,-1,14,2,3,-1,14,3,15,-1,10,14,16,-1,16,14,17,-1,5,10,18,-1,18,10,16,-1,19,6,20,-1,20,6,5,-1,20,5,18,-1,7,6,21,-1,21,6,19,-1,1,7,22,-1,22,7,21,-1,23,3,24,-1,24,3,1,-1,24,1,22,-1,15,3,25,-1,25,3,23,-1,14,15,17,-1,17,15,25,-1,0,2,26,-1,26,2,27,-1,2,13,27,-1,27,13,28,-1,11,29,30,-1,11,30,12,-1,12,30,28,-1,12,28,13,-1,11,9,29,-1,29,9,31,-1,4,32,33,-1,4,33,8,-1,8,33,31,-1,8,31,9,-1,4,0,32,-1,32,0,26,-1,
        ]
    }
}
Shape{
    appearance Appearance {
        material  Material 	{
            diffuseColor 1.0 0.9568627450980393 0.8862745098039215
            specularColor 0.8784313725490196 0.8431372549019608 0.7803921568627451
            ambientIntensity 0.2
            transparency 0
            shininess 0.5
        }
    }
    geometry IndexedFaceSet {
        ccw TRUE
        solid FALSE
        coord DEF co Coordinate {
            point [
                -0.4533 -0.054 1.3893, -0.4535 -0.054 1.3893, -0.4526 -0.0574 1.3893, -0.4541 -0.0573 1.3893, -0.452 -0.0596 1.3893, -0.4548 -0.0596 1.3893, -0.4399 -0.0929 1.3893, -0.4668 -0.0929 1.3893, -0.4668 -0.0929 1.3893
            ]
        }
        coordIndex [
            0,1,2,-1,2,1,3,-1,2,3,4,-1,4,3,5,-1,4,5,6,-1,6,5,7,-1,
        ]
    }
}
Shape{
    appearance Appearance {
        material  Material 	{
            diffuseColor 0.0 0.0 0.0
            specularColor 0.0 0.0 0.0
            ambientIntensity 0.2
            transparency 0
            shininess 0.5
        }
    }
    geometry IndexedFaceSet {
        ccw TRUE
        solid FALSE
        coord DEF co Coordinate {
            point [
                -0.6954 -0.2418 1.3897, -0.6954 -0.2509 1.3897, -0.6954 -0.2418 1.3893, -0.6954 -0.2509 1.3893, -0.7282 -0.2418 1.3897, -0.7282 -0.2418 1.3893, -0.7282 -0.2148 1.3897, -0.7282 -0.2148 1.3893, -0.6995 -0.2148 1.3897, -0.6995 -0.2148 1.3893, -0.6995 -0.2057 1.3897, -0.6995 -0.2057 1.3893, -0.7282 -0.2057 1.3897, -0.7282 -0.2057 1.3893, -0.7282 -0.18 1.3897, -0.7282 -0.18 1.3893, -0.6973 -0.18 1.3897, -0.6973 -0.18 1.3893, -0.6973 -0.1708 1.3897, -0.6973 -0.1708 1.3893, -0.7385 -0.1708 1.3897, -0.7385 -0.1708 1.3893, -0.7385 -0.2509 1.3897, -0.7385 -0.2509 1.3893, -0.6499 -0.2509 1.3897, -0.6399 -0.2509 1.3897, -0.6499 -0.2421 1.3897, -0.6399 -0.2141 1.3897, -0.6499 -0.2145 1.3897, -0.6717 -0.2265 1.3897, -0.6693 -0.2254 1.3897, -0.6502 -0.2421 1.3897, -0.6555 -0.2406 1.3897, -0.6518 -0.2444 1.3897, -0.6583 -0.2425 1.3897, -0.6633 -0.224 1.3897, -0.6499 -0.2222 1.3897, -0.6499 -0.2277 1.3897, -0.6499 -0.2284 1.3897, -0.6506 -0.2328 1.3897, -0.652 -0.2364 1.3897, -0.6542 -0.2394 1.3897, -0.6503 -0.2101 1.3897, -0.6408 -0.2061 1.3897, -0.6513 -0.2065 1.3897, -0.6424 -0.2016 1.3897, -0.6525 -0.2045 1.3897, -0.6445 -0.1985 1.3897, -0.654 -0.2029 1.3897, -0.647 -0.1961 1.3897, -0.6558 -0.2017 1.3897, -0.6504 -0.1942 1.3897, -0.6581 -0.2009 1.3897, -0.6546 -0.1929 1.3897, -0.6615 -0.2005 1.3897, -0.6606 -0.1924 1.3897, -0.6675 -0.2012 1.3897, -0.6693 -0.1933 1.3897, -0.6737 -0.2033 1.3897, -0.6769 -0.1959 1.3897, -0.6802 -0.2075 1.3897, -0.6802 -0.1977 1.3897, -0.6736 -0.2406 1.3897, -0.6809 -0.2477 1.3897, -0.6728 -0.2414 1.3897, -0.6775 -0.2501 1.3897, -0.6708 -0.2428 1.3897, -0.6737 -0.2516 1.3897, -0.6685 -0.2436 1.3897, -0.6677 -0.2522 1.3897, -0.6651 -0.244 1.3897, -0.6625 -0.2517 1.3897, -0.6613 -0.2436 1.3897, -0.6585 -0.2502 1.3897, -0.6549 -0.2479 1.3897, -0.6669 -0.2169 1.3897, -0.6748 -0.2189 1.3897, -0.673 -0.2275 1.3897, -0.6789 -0.2211 1.3897, -0.6742 -0.229 1.3897, -0.6819 -0.2238 1.3897, -0.6751 -0.2309 1.3897, -0.6841 -0.227 1.3897, -0.6756 -0.2332 1.3897, -0.6853 -0.2307 1.3897, -0.6757 -0.2348 1.3897, -0.6858 -0.2356 1.3897, -0.6754 -0.2371 1.3897, -0.6853 -0.2401 1.3897, -0.6747 -0.2389 1.3897, -0.6841 -0.2435 1.3897, -0.682 -0.2466 1.3897, -0.6606 -0.1924 1.3893, -0.6693 -0.1933 1.3893, -0.6769 -0.1959 1.3893, -0.6802 -0.1977 1.3893, -0.6802 -0.2075 1.3893, -0.6737 -0.2033 1.3893, -0.6675 -0.2012 1.3893, -0.6615 -0.2005 1.3893, -0.6581 -0.2009 1.3893, -0.6558 -0.2017 1.3893, -0.654 -0.2029 1.3893, -0.6525 -0.2045 1.3893, -0.6513 -0.2065 1.3893, -0.6503 -0.2101 1.3893, -0.6499 -0.2145 1.3893, -0.6669 -0.2169 1.3893, -0.6748 -0.2189 1.3893, -0.6789 -0.2211 1.3893, -0.6819 -0.2238 1.3893, -0.6841 -0.227 1.3893, -0.6853 -0.2307 1.3893, -0.6858 -0.2356 1.3893, -0.6853 -0.2401 1.3893, -0.6841 -0.2435 1.3893, -0.682 -0.2466 1.3893, -0.6809 -0.2477 1.3893, -0.6677 -0.2522 1.3893, -0.6735 -0.2516 1.3893, -0.6737 -0.2516 1.3893, -0.6775 -0.2501 1.3893, -0.6625 -0.2517 1.3893, -0.6622 -0.2516 1.3893, -0.6585 -0.2502 1.3893, -0.6549 -0.2479 1.3893, -0.6518 -0.2444 1.3893, -0.6502 -0.2421 1.3893, -0.6499 -0.2421 1.3893, -0.6499 -0.2509 1.3893, -0.6399 -0.2509 1.3893, -0.6399 -0.2141 1.3893, -0.6408 -0.2061 1.3893, -0.6424 -0.2016 1.3893, -0.6445 -0.1985 1.3893, -0.647 -0.1961 1.3893, -0.6504 -0.1942 1.3893, -0.6546 -0.1929 1.3893, -0.673 -0.2275 1.3893, -0.6717 -0.2265 1.3893, -0.6693 -0.2254 1.3893, -0.6633 -0.224 1.3893, -0.6757 -0.2348 1.3893, -0.6756 -0.2332 1.3893, -0.6751 -0.2309 1.3893, -0.6742 -0.229 1.3893, -0.6728 -0.2414 1.3893, -0.6736 -0.2406 1.3893, -0.6747 -0.2389 1.3893, -0.6754 -0.2371 1.3893, -0.6651 -0.244 1.3893, -0.6685 -0.2436 1.3893, -0.6708 -0.2428 1.3893, -0.6542 -0.2394 1.3893, -0.6555 -0.2406 1.3893, -0.6583 -0.2425 1.3893, -0.6613 -0.2436 1.3893, -0.6499 -0.2277 1.3893, -0.6499 -0.2284 1.3893, -0.6506 -0.2328 1.3893, -0.652 -0.2364 1.3893, -0.6499 -0.2222 1.3893, -0.6499 -0.2222 1.3893
            ]
        }
        coordIndex [
            0,1,2,-1,2,1,3,-1,4,0,5,-1,5,0,2,-1,6,4,7,-1,7,4,5,-1,8,6,9,-1,9,6,7,-1,10,8,11,-1,11,8,9,-1,12,10,13,-1,13,10,11,-1,14,12,15,-1,15,12,13,-1,16,14,17,-1,17,14,15,-1,18,16,19,-1,19,16,17,-1,20,18,21,-1,21,18,19,-1,22,20,23,-1,23,20,21,-1,1,22,3,-1,3,22,23,-1,22,1,0,-1,0,4,22,-1,22,4,6,-1,22,6,20,-1,16,18,14,-1,14,18,20,-1,14,20,12,-1,12,20,6,-1,12,6,10,-1,10,6,8,-1,24,25,26,-1,26,25,27,-1,28,29,30,-1,31,32,33,-1,33,32,34,-1,35,36,27,-1,27,36,37,-1,37,38,27,-1,27,38,39,-1,27,39,26,-1,26,39,40,-1,26,40,31,-1,31,40,41,-1,31,41,32,-1,30,35,28,-1,28,35,27,-1,28,27,42,-1,42,27,43,-1,42,43,44,-1,44,43,45,-1,44,45,46,-1,46,45,47,-1,46,47,48,-1,48,47,49,-1,48,49,50,-1,50,49,51,-1,50,51,52,-1,52,51,53,-1,52,53,54,-1,54,53,55,-1,54,55,56,-1,56,55,57,-1,56,57,58,-1,58,57,59,-1,58,59,60,-1,60,59,61,-1,62,63,64,-1,64,63,65,-1,64,65,66,-1,66,65,67,-1,66,67,68,-1,68,67,69,-1,68,69,70,-1,70,69,71,-1,70,71,72,-1,72,71,73,-1,72,73,34,-1,34,73,74,-1,34,74,33,-1,28,75,29,-1,29,75,76,-1,29,76,77,-1,77,76,78,-1,77,78,79,-1,79,78,80,-1,79,80,81,-1,81,80,82,-1,81,82,83,-1,83,82,84,-1,83,84,85,-1,85,84,86,-1,85,86,87,-1,87,86,88,-1,87,88,89,-1,89,88,90,-1,89,90,62,-1,62,90,91,-1,62,91,63,-1,55,92,93,-1,55,93,57,-1,57,93,94,-1,57,94,59,-1,59,94,95,-1,59,95,61,-1,60,61,96,-1,96,61,95,-1,60,96,97,-1,60,97,58,-1,58,97,98,-1,58,98,56,-1,56,98,99,-1,56,99,54,-1,54,99,100,-1,54,100,52,-1,52,100,101,-1,52,101,50,-1,50,101,102,-1,50,102,48,-1,48,102,103,-1,48,103,46,-1,46,103,104,-1,46,104,44,-1,44,104,105,-1,44,105,42,-1,42,105,106,-1,42,106,28,-1,75,28,107,-1,107,28,106,-1,75,107,108,-1,75,108,76,-1,76,108,109,-1,76,109,78,-1,78,109,110,-1,78,110,80,-1,80,110,111,-1,80,111,82,-1,82,111,112,-1,82,112,84,-1,84,112,113,-1,84,113,86,-1,86,113,114,-1,86,114,88,-1,88,114,115,-1,88,115,90,-1,90,115,116,-1,90,116,91,-1,91,116,117,-1,91,117,63,-1,118,69,119,-1,119,69,67,-1,119,67,120,-1,120,67,65,-1,120,65,121,-1,121,65,63,-1,121,63,117,-1,69,118,122,-1,69,122,71,-1,71,122,123,-1,71,123,73,-1,123,124,73,-1,73,124,125,-1,73,125,74,-1,74,125,126,-1,74,126,33,-1,33,126,127,-1,33,127,31,-1,26,31,128,-1,128,31,127,-1,24,26,129,-1,129,26,128,-1,25,24,130,-1,130,24,129,-1,27,25,131,-1,131,25,130,-1,27,131,132,-1,27,132,43,-1,43,132,133,-1,43,133,45,-1,45,133,134,-1,45,134,47,-1,47,134,135,-1,47,135,49,-1,49,135,136,-1,49,136,51,-1,51,136,137,-1,51,137,53,-1,53,137,92,-1,53,92,55,-1,77,138,139,-1,77,139,29,-1,29,139,140,-1,29,140,30,-1,30,140,141,-1,30,141,35,-1,85,142,143,-1,85,143,83,-1,83,143,144,-1,83,144,81,-1,81,144,145,-1,81,145,79,-1,79,145,138,-1,79,138,77,-1,64,146,147,-1,64,147,62,-1,62,147,148,-1,62,148,89,-1,89,148,149,-1,89,149,87,-1,87,149,142,-1,87,142,85,-1,70,150,151,-1,70,151,68,-1,68,151,152,-1,68,152,66,-1,66,152,146,-1,66,146,64,-1,41,153,154,-1,41,154,32,-1,32,154,155,-1,32,155,34,-1,34,155,156,-1,34,156,72,-1,72,156,150,-1,72,150,70,-1,37,157,158,-1,37,158,38,-1,38,158,159,-1,38,159,39,-1,39,159,160,-1,39,160,40,-1,40,160,153,-1,40,153,41,-1,37,36,157,-1,157,36,161,-1,36,35,161,-1,161,35,141,-1,
        ]
    }
}
Shape{
    appearance Appearance {
        material  Material 	{
            diffuseColor 1.0 0.9568627450980393 0.8862745098039215
            specularColor 0.8784313725490196 0.8431372549019608 0.7803921568627451
            ambientIntensity 0.2
            transparency 0
            shininess 0.5
        }
    }
    geometry IndexedFaceSet {
        ccw TRUE
        solid FALSE
        coord DEF co Coordinate {
            point [
                -0.6499 -0.2284 1.3893, -0.6499 -0.2277 1.3893, -0.673 -0.2275 1.3893, -0.6499 -0.2222 1.3893, -0.6633 -0.224 1.3893, -0.6693 -0.2254 1.3893, -0.6717 -0.2265 1.3893, -0.6506 -0.2328 1.3893, -0.6742 -0.229 1.3893, -0.652 -0.2364 1.3893, -0.6736 -0.2406 1.3893, -0.6728 -0.2414 1.3893, -0.6555 -0.2406 1.3893, -0.6747 -0.2389 1.3893, -0.6583 -0.2425 1.3893, -0.6613 -0.2436 1.3893, -0.6651 -0.244 1.3893, -0.6751 -0.2309 1.3893, -0.6756 -0.2332 1.3893, -0.6542 -0.2394 1.3893, -0.6757 -0.2348 1.3893, -0.6754 -0.2371 1.3893, -0.6708 -0.2428 1.3893, -0.6685 -0.2436 1.3893, -0.6685 -0.2436 1.3893
            ]
        }
        coordIndex [
            0,1,2,-1,1,3,4,-1,4,5,1,-1,1,5,6,-1,1,6,2,-1,0,2,7,-1,7,2,8,-1,7,8,9,-1,10,11,12,-1,10,12,13,-1,14,12,15,-1,15,12,16,-1,8,17,9,-1,9,17,18,-1,9,18,19,-1,19,18,20,-1,19,20,12,-1,12,20,21,-1,12,21,13,-1,11,22,12,-1,12,22,23,-1,12,23,16,-1,
        ]
    }
}
Shape{
    appearance Appearance {
        material  Material 	{
            diffuseColor 0.0 0.0 0.0
            specularColor 0.0 0.0 0.0
            ambientIntensity 0.2
            transparency 0
            shininess 0.5
        }
    }
    geometry IndexedFaceSet {
        ccw TRUE
        solid FALSE
        coord DEF co Coordinate {
            point [
                -0.6263 -0.2385 1.3893, -0.6263 -0.2385 1.3897, -0.6228 -0.2407 1.3897, -0.6098 -0.2441 1.3897, -0.6098 -0.2441 1.3893, -0.6166 -0.2432 1.3893, -0.6166 -0.2432 1.3897, -0.6217 -0.2412 1.3893, -0.6228 -0.2407 1.3893, -0.6263 -0.2489 1.3897, -0.6263 -0.2489 1.3893, -0.6195 -0.2513 1.3897, -0.6217 -0.2505 1.3893, -0.6108 -0.2522 1.3893, -0.6108 -0.2522 1.3897, -0.617 -0.2516 1.3893, -0.6195 -0.2513 1.3893, -0.6025 -0.2514 1.3897, -0.6044 -0.2516 1.3893, -0.6025 -0.2514 1.3893, -0.597 -0.2494 1.3893, -0.597 -0.2494 1.3897, -0.5941 -0.2477 1.3893, -0.5941 -0.2477 1.3897, -0.5912 -0.2452 1.3893, -0.5912 -0.2452 1.3897, -0.5894 -0.2425 1.3893, -0.5894 -0.2425 1.3897, -0.5881 -0.2394 1.3893, -0.5881 -0.2394 1.3897, -0.5877 -0.2353 1.3893, -0.5877 -0.2353 1.3897, -0.5881 -0.2316 1.3893, -0.5881 -0.2316 1.3897, -0.5892 -0.2286 1.3893, -0.5892 -0.2286 1.3897, -0.591 -0.2259 1.3893, -0.591 -0.2259 1.3897, -0.5934 -0.2238 1.3893, -0.5934 -0.2238 1.3897, -0.6001 -0.22 1.3893, -0.6001 -0.22 1.3897, -0.604 -0.2185 1.3893, -0.604 -0.2185 1.3897, -0.6102 -0.2158 1.3893, -0.6102 -0.2158 1.3897, -0.6137 -0.2136 1.3893, -0.6137 -0.2136 1.3897, -0.6147 -0.2125 1.3893, -0.6147 -0.2125 1.3897, -0.6154 -0.2111 1.3893, -0.6154 -0.2111 1.3897, -0.6158 -0.2096 1.3893, -0.6158 -0.2096 1.3897, -0.6159 -0.2082 1.3893, -0.6159 -0.2082 1.3897, -0.6157 -0.2066 1.3893, -0.6157 -0.2066 1.3897, -0.6152 -0.2053 1.3893, -0.6152 -0.2053 1.3897, -0.6144 -0.204 1.3893, -0.6144 -0.204 1.3897, -0.6128 -0.2027 1.3893, -0.6128 -0.2027 1.3897, -0.6106 -0.2015 1.3893, -0.6106 -0.2015 1.3897, -0.6079 -0.2008 1.3893, -0.6079 -0.2008 1.3897, -0.6049 -0.2005 1.3893, -0.6049 -0.2005 1.3897, -0.5979 -0.2014 1.3893, -0.5979 -0.2014 1.3897, -0.5922 -0.2036 1.3893, -0.5922 -0.2036 1.3897, -0.5904 -0.2047 1.3893, -0.5904 -0.2047 1.3897, -0.5904 -0.1949 1.3897, -0.5904 -0.1949 1.3893, -0.5976 -0.1929 1.3893, -0.5976 -0.1929 1.3897, -0.604 -0.1924 1.3893, -0.604 -0.1924 1.3897, -0.6116 -0.1933 1.3893, -0.6116 -0.1933 1.3897, -0.6171 -0.1953 1.3893, -0.6171 -0.1953 1.3897, -0.6198 -0.1969 1.3893, -0.6198 -0.1969 1.3897, -0.6228 -0.1996 1.3897, -0.6217 -0.1986 1.3893, -0.6228 -0.1996 1.3893, -0.6246 -0.2023 1.3893, -0.6246 -0.2023 1.3897, -0.6258 -0.2056 1.3893, -0.6258 -0.2056 1.3897, -0.6262 -0.2091 1.3893, -0.6262 -0.2091 1.3897, -0.6258 -0.213 1.3893, -0.6258 -0.213 1.3897, -0.6247 -0.2161 1.3893, -0.6247 -0.2161 1.3897, -0.6234 -0.2182 1.3893, -0.6234 -0.2182 1.3897, -0.611 -0.2258 1.3893, -0.611 -0.2258 1.3897, -0.617 -0.223 1.3897, -0.6217 -0.2199 1.3893, -0.6217 -0.2199 1.3897, -0.6217 -0.22 1.3893, -0.617 -0.223 1.3893, -0.6045 -0.2285 1.3893, -0.6045 -0.2285 1.3897, -0.6005 -0.2309 1.3893, -0.6005 -0.2309 1.3897, -0.5993 -0.2322 1.3893, -0.5993 -0.2322 1.3897, -0.5985 -0.2335 1.3893, -0.5985 -0.2335 1.3897, -0.5981 -0.2351 1.3893, -0.5981 -0.2351 1.3897, -0.598 -0.2363 1.3893, -0.598 -0.2363 1.3897, -0.5982 -0.2382 1.3893, -0.5982 -0.2382 1.3897, -0.5987 -0.2397 1.3893, -0.5987 -0.2397 1.3897, -0.5996 -0.241 1.3893, -0.5996 -0.241 1.3897, -0.6007 -0.242 1.3893, -0.6007 -0.242 1.3897, -0.6016 -0.2425 1.3893, -0.6016 -0.2425 1.3897, -0.6042 -0.2435 1.3893, -0.6042 -0.2435 1.3897, -0.6094 -0.2441 1.3893, -0.6094 -0.2441 1.3897, -0.538 -0.1937 1.3897, -0.5276 -0.1937 1.3897, -0.538 -0.1937 1.3893, -0.5276 -0.1937 1.3893, -0.5536 -0.2368 1.3897, -0.5536 -0.2368 1.3893, -0.5543 -0.2394 1.3893, -0.5543 -0.2394 1.3897, -0.5548 -0.2414 1.3893, -0.5548 -0.2414 1.3897, -0.5551 -0.2414 1.3897, -0.5551 -0.2414 1.3893, -0.5563 -0.2367 1.3897, -0.5563 -0.2367 1.3893, -0.5712 -0.1937 1.3893, -0.5712 -0.1937 1.3897, -0.5664 -0.2076 1.3893, -0.5825 -0.1937 1.3897, -0.5825 -0.1937 1.3893, -0.56 -0.2508 1.3893, -0.56 -0.2508 1.3897, -0.5664 -0.2346 1.3893, -0.5644 -0.2612 1.3893, -0.5644 -0.2612 1.3897, -0.5604 -0.2516 1.3893, -0.5664 -0.2648 1.3893, -0.5664 -0.2648 1.3897, -0.5664 -0.2648 1.3893, -0.5682 -0.2669 1.3897, -0.5682 -0.2669 1.3893, -0.5701 -0.2681 1.3893, -0.5701 -0.2681 1.3897, -0.5723 -0.269 1.3893, -0.5723 -0.269 1.3897, -0.5747 -0.2692 1.3893, -0.5747 -0.2692 1.3897, -0.5783 -0.2688 1.3893, -0.5783 -0.2688 1.3897, -0.5804 -0.2681 1.3893, -0.5804 -0.2681 1.3897, -0.5804 -0.277 1.3897, -0.5804 -0.277 1.3893, -0.5761 -0.2778 1.3893, -0.5761 -0.2778 1.3897, -0.5739 -0.2778 1.3893, -0.5739 -0.2778 1.3897, -0.5699 -0.2774 1.3893, -0.5664 -0.276 1.3893, -0.5659 -0.2759 1.3897, -0.5699 -0.2774 1.3897, -0.5659 -0.2759 1.3893, -0.5624 -0.2734 1.3893, -0.5624 -0.2734 1.3897, -0.5617 -0.2728 1.3893, -0.5617 -0.2728 1.3897, -0.558 -0.2684 1.3893, -0.558 -0.2684 1.3897, -0.5535 -0.2595 1.3893, -0.5535 -0.2595 1.3897, -0.5504 -0.2516 1.3893, -0.4737 -0.2418 1.3897, -0.4737 -0.2509 1.3897, -0.4737 -0.2418 1.3893, -0.4737 -0.2509 1.3893, -0.5064 -0.2418 1.3893, -0.5064 -0.2418 1.3897, -0.4914 -0.2418 1.3893, -0.5064 -0.2148 1.3897, -0.5064 -0.2148 1.3893, -0.4778 -0.2148 1.3893, -0.4778 -0.2148 1.3897, -0.4914 -0.2148 1.3893, -0.4778 -0.2057 1.3897, -0.4778 -0.2057 1.3893, -0.5064 -0.2057 1.3893, -0.5064 -0.2057 1.3897, -0.4914 -0.2057 1.3893, -0.5064 -0.18 1.3897, -0.5064 -0.18 1.3893, -0.4755 -0.18 1.3893, -0.4755 -0.18 1.3897, -0.4914 -0.18 1.3893, -0.4755 -0.1708 1.3897, -0.4755 -0.1708 1.3893, -0.5167 -0.1708 1.3893, -0.5167 -0.1708 1.3897, -0.4914 -0.1708 1.3893, -0.5167 -0.2509 1.3897, -0.5167 -0.2509 1.3893, -0.4914 -0.2509 1.3893, -0.4087 -0.2282 1.3897, -0.4128 -0.2334 1.3897, -0.4054 -0.2397 1.3897, -0.4138 -0.2344 1.3897, -0.4139 -0.2457 1.3897, -0.419 -0.2379 1.3897, -0.4231 -0.2493 1.3897, -0.4256 -0.2405 1.3897, -0.4365 -0.2509 1.3897, -0.4366 -0.2418 1.3897, -0.4586 -0.2509 1.3897, -0.4482 -0.2418 1.3897, -0.4586 -0.1708 1.3897, -0.4482 -0.18 1.3897, -0.4357 -0.1708 1.3897, -0.4361 -0.18 1.3897, -0.4235 -0.1722 1.3897, -0.4258 -0.1812 1.3897, -0.4138 -0.1757 1.3897, -0.4188 -0.1837 1.3897, -0.4054 -0.1814 1.3897, -0.413 -0.1876 1.3897, -0.4026 -0.1842 1.3897, -0.4102 -0.1905 1.3897, -0.3976 -0.1912 1.3897, -0.4072 -0.1952 1.3897, -0.3947 -0.1989 1.3897, -0.4051 -0.2014 1.3897, -0.3934 -0.2098 1.3897, -0.4042 -0.2101 1.3897, -0.3937 -0.2162 1.3897, -0.4045 -0.2148 1.3897, -0.3959 -0.2253 1.3897, -0.406 -0.2222 1.3897, -0.4001 -0.2335 1.3897, -0.4365 -0.2509 1.3893, -0.4586 -0.2509 1.3893, -0.4231 -0.2493 1.3893, -0.4139 -0.2457 1.3893, -0.4054 -0.2397 1.3893, -0.4001 -0.2335 1.3893, -0.3959 -0.2253 1.3893, -0.3937 -0.2162 1.3893, -0.3934 -0.2098 1.3893, -0.3947 -0.1989 1.3893, -0.3976 -0.1912 1.3893, -0.4026 -0.1842 1.3893, -0.4054 -0.1814 1.3893, -0.4138 -0.1757 1.3893, -0.4235 -0.1722 1.3893, -0.4357 -0.1708 1.3893, -0.4586 -0.1708 1.3893, -0.4361 -0.18 1.3893, -0.4482 -0.18 1.3893, -0.4482 -0.2418 1.3893, -0.4366 -0.2418 1.3893, -0.4128 -0.2334 1.3893, -0.4138 -0.2344 1.3893, -0.419 -0.2379 1.3893, -0.4256 -0.2405 1.3893, -0.4042 -0.2101 1.3893, -0.4045 -0.2148 1.3893, -0.406 -0.2222 1.3893, -0.4087 -0.2282 1.3893, -0.413 -0.1876 1.3893, -0.4102 -0.1905 1.3893, -0.4072 -0.1952 1.3893, -0.4051 -0.2014 1.3893, -0.4258 -0.1812 1.3893, -0.4188 -0.1837 1.3893, -0.4188 -0.1837 1.3893
            ]
        }
        coordIndex [
            0,1,2,-1,3,4,5,-1,3,5,6,-1,6,5,7,-1,6,7,2,-1,2,7,8,-1,2,8,0,-1,9,1,10,-1,10,1,0,-1,11,9,12,-1,12,9,10,-1,13,14,15,-1,15,14,11,-1,15,11,16,-1,16,11,12,-1,17,14,18,-1,18,14,13,-1,18,19,17,-1,17,19,20,-1,17,20,21,-1,21,20,22,-1,21,22,23,-1,23,22,24,-1,23,24,25,-1,25,24,26,-1,25,26,27,-1,27,26,28,-1,27,28,29,-1,29,28,30,-1,29,30,31,-1,31,30,32,-1,31,32,33,-1,33,32,34,-1,33,34,35,-1,35,34,36,-1,35,36,37,-1,37,36,38,-1,37,38,39,-1,39,38,40,-1,39,40,41,-1,41,40,42,-1,41,42,43,-1,43,42,44,-1,43,44,45,-1,45,44,46,-1,45,46,47,-1,47,46,48,-1,47,48,49,-1,49,48,50,-1,49,50,51,-1,51,50,52,-1,51,52,53,-1,53,52,54,-1,53,54,55,-1,55,54,56,-1,55,56,57,-1,57,56,58,-1,57,58,59,-1,59,58,60,-1,59,60,61,-1,61,60,62,-1,61,62,63,-1,63,62,64,-1,63,64,65,-1,65,64,66,-1,65,66,67,-1,67,66,68,-1,67,68,69,-1,69,68,70,-1,69,70,71,-1,71,70,72,-1,71,72,73,-1,73,72,74,-1,73,74,75,-1,76,75,77,-1,77,75,74,-1,76,77,78,-1,76,78,79,-1,79,78,80,-1,79,80,81,-1,81,80,82,-1,81,82,83,-1,83,82,84,-1,83,84,85,-1,85,84,86,-1,85,86,87,-1,88,87,89,-1,89,87,86,-1,89,90,88,-1,88,90,91,-1,88,91,92,-1,92,91,93,-1,92,93,94,-1,94,93,95,-1,94,95,96,-1,96,95,97,-1,96,97,98,-1,98,97,99,-1,98,99,100,-1,100,99,101,-1,100,101,102,-1,103,104,105,-1,102,101,106,-1,102,106,107,-1,107,106,108,-1,107,108,105,-1,105,108,109,-1,105,109,103,-1,104,103,110,-1,104,110,111,-1,111,110,112,-1,111,112,113,-1,113,112,114,-1,113,114,115,-1,115,114,116,-1,115,116,117,-1,117,116,118,-1,117,118,119,-1,119,118,120,-1,119,120,121,-1,121,120,122,-1,121,122,123,-1,123,122,124,-1,123,124,125,-1,125,124,126,-1,125,126,127,-1,127,126,128,-1,127,128,129,-1,129,128,130,-1,129,130,131,-1,131,130,132,-1,131,132,133,-1,133,132,134,-1,133,134,135,-1,135,134,4,-1,135,4,3,-1,61,63,85,-1,85,63,83,-1,111,43,104,-1,104,43,45,-1,14,3,11,-1,11,3,6,-1,11,6,9,-1,9,6,2,-1,9,2,1,-1,63,65,83,-1,83,65,67,-1,83,67,81,-1,81,67,69,-1,81,69,79,-1,79,69,71,-1,79,71,76,-1,76,71,73,-1,76,73,75,-1,21,23,127,-1,127,23,25,-1,127,25,125,-1,125,25,27,-1,125,27,123,-1,123,27,29,-1,123,29,121,-1,121,29,31,-1,121,31,119,-1,119,31,33,-1,119,33,117,-1,117,33,35,-1,117,35,115,-1,115,35,37,-1,115,37,113,-1,113,37,39,-1,113,39,111,-1,111,39,41,-1,111,41,43,-1,127,129,21,-1,21,129,131,-1,21,131,17,-1,17,131,133,-1,17,133,14,-1,14,133,135,-1,14,135,3,-1,85,87,61,-1,61,87,88,-1,61,88,59,-1,59,88,92,-1,59,92,57,-1,57,92,94,-1,57,94,55,-1,55,94,96,-1,55,96,53,-1,53,96,98,-1,53,98,51,-1,51,98,100,-1,51,100,49,-1,49,100,102,-1,49,102,47,-1,47,102,107,-1,47,107,45,-1,45,107,105,-1,45,105,104,-1,136,137,138,-1,138,137,139,-1,140,136,141,-1,141,136,138,-1,140,141,142,-1,140,142,143,-1,143,142,144,-1,143,144,145,-1,146,145,147,-1,147,145,144,-1,148,146,149,-1,149,146,147,-1,150,151,152,-1,152,151,148,-1,152,148,149,-1,153,151,154,-1,154,151,150,-1,155,156,157,-1,157,156,153,-1,157,153,154,-1,158,159,160,-1,160,159,156,-1,160,156,155,-1,159,158,161,-1,159,161,162,-1,162,161,163,-1,162,163,164,-1,163,165,164,-1,164,165,166,-1,164,166,167,-1,167,166,168,-1,167,168,169,-1,169,168,170,-1,169,170,171,-1,171,170,172,-1,171,172,173,-1,173,172,174,-1,173,174,175,-1,176,175,177,-1,177,175,174,-1,176,177,178,-1,176,178,179,-1,179,178,180,-1,179,180,181,-1,181,180,182,-1,183,184,182,-1,182,184,185,-1,182,185,181,-1,183,186,184,-1,184,186,187,-1,184,187,188,-1,188,187,189,-1,188,189,190,-1,190,189,191,-1,190,191,192,-1,192,191,193,-1,192,193,194,-1,139,137,195,-1,195,137,194,-1,195,194,193,-1,143,145,194,-1,137,136,194,-1,194,136,140,-1,194,140,143,-1,151,153,148,-1,148,153,156,-1,148,156,146,-1,192,162,190,-1,190,162,164,-1,175,176,173,-1,173,176,179,-1,173,179,171,-1,171,179,181,-1,171,181,169,-1,169,181,185,-1,169,185,167,-1,167,185,184,-1,167,184,164,-1,164,184,188,-1,164,188,190,-1,145,146,194,-1,194,146,156,-1,194,156,192,-1,192,156,159,-1,192,159,162,-1,196,197,198,-1,198,197,199,-1,200,201,202,-1,202,201,196,-1,202,196,198,-1,203,201,204,-1,204,201,200,-1,205,206,207,-1,207,206,203,-1,207,203,204,-1,208,206,209,-1,209,206,205,-1,210,211,212,-1,212,211,208,-1,212,208,209,-1,213,211,214,-1,214,211,210,-1,215,216,217,-1,217,216,213,-1,217,213,214,-1,218,216,219,-1,219,216,215,-1,220,221,222,-1,222,221,218,-1,222,218,219,-1,223,221,224,-1,224,221,220,-1,199,197,225,-1,225,197,223,-1,225,223,224,-1,223,197,196,-1,196,201,223,-1,223,201,203,-1,223,203,221,-1,216,218,213,-1,213,218,221,-1,213,221,211,-1,211,221,203,-1,211,203,208,-1,208,203,206,-1,226,227,228,-1,228,227,229,-1,228,229,230,-1,230,229,231,-1,230,231,232,-1,232,231,233,-1,232,233,234,-1,234,233,235,-1,234,235,236,-1,236,235,237,-1,236,237,238,-1,238,237,239,-1,238,239,240,-1,240,239,241,-1,240,241,242,-1,242,241,243,-1,242,243,244,-1,244,243,245,-1,244,245,246,-1,246,245,247,-1,246,247,248,-1,248,247,249,-1,248,249,250,-1,250,249,251,-1,250,251,252,-1,252,251,253,-1,252,253,254,-1,254,253,255,-1,254,255,256,-1,256,255,257,-1,256,257,258,-1,258,257,259,-1,258,259,260,-1,260,259,226,-1,260,226,228,-1,234,236,261,-1,261,236,262,-1,234,261,263,-1,234,263,232,-1,232,263,264,-1,232,264,230,-1,230,264,265,-1,230,265,228,-1,228,265,266,-1,228,266,260,-1,260,266,267,-1,260,267,258,-1,258,267,268,-1,258,268,256,-1,256,268,269,-1,256,269,254,-1,254,269,270,-1,254,270,252,-1,252,270,271,-1,252,271,250,-1,250,271,272,-1,250,272,248,-1,248,272,273,-1,248,273,246,-1,246,273,274,-1,246,274,244,-1,244,274,275,-1,244,275,242,-1,242,275,276,-1,242,276,240,-1,238,240,277,-1,277,240,276,-1,236,238,262,-1,262,238,277,-1,241,239,278,-1,278,239,279,-1,239,237,279,-1,279,237,280,-1,237,235,280,-1,280,235,281,-1,227,282,283,-1,227,283,229,-1,229,283,284,-1,229,284,231,-1,231,284,285,-1,231,285,233,-1,233,285,281,-1,233,281,235,-1,255,286,287,-1,255,287,257,-1,257,287,288,-1,257,288,259,-1,259,288,289,-1,259,289,226,-1,226,289,282,-1,226,282,227,-1,247,290,291,-1,247,291,249,-1,249,291,292,-1,249,292,251,-1,251,292,293,-1,251,293,253,-1,253,293,286,-1,253,286,255,-1,241,278,294,-1,241,294,243,-1,243,294,295,-1,243,295,245,-1,245,295,290,-1,245,290,247,-1,
        ]
    }
}
Shape{
    appearance Appearance {
        material  Material 	{
            diffuseColor 1.0 0.9568627450980393 0.8862745098039215
            specularColor 0.8784313725490196 0.8431372549019608 0.7803921568627451
            ambientIntensity 0.2
            transparency 0
            shininess 0.5
        }
    }
    geometry IndexedFaceSet {
        ccw TRUE
        solid FALSE
        coord DEF co Coordinate {
            point [
                -0.4482 -0.18 1.3893, -0.4482 -0.2418 1.3893, -0.4361 -0.18 1.3893, -0.4366 -0.2418 1.3893, -0.4256 -0.2405 1.3893, -0.419 -0.2379 1.3893, -0.4138 -0.2344 1.3893, -0.4128 -0.2334 1.3893, -0.4045 -0.2148 1.3893, -0.4042 -0.2101 1.3893, -0.4051 -0.2014 1.3893, -0.4072 -0.1952 1.3893, -0.4102 -0.1905 1.3893, -0.413 -0.1876 1.3893, -0.4258 -0.1812 1.3893, -0.4188 -0.1837 1.3893, -0.4087 -0.2282 1.3893, -0.406 -0.2222 1.3893, -0.406 -0.2222 1.3893
            ]
        }
        coordIndex [
            0,1,2,-1,2,1,3,-1,2,3,4,-1,4,5,2,-1,2,5,6,-1,2,6,7,-1,8,9,2,-1,2,9,10,-1,2,10,11,-1,11,12,2,-1,2,12,13,-1,2,13,14,-1,14,13,15,-1,7,16,2,-1,2,16,17,-1,2,17,8,-1,
        ]
    }
}
Shape{
    appearance Appearance {
        material  Material 	{
            diffuseColor 0.0 0.0 0.0
            specularColor 0.0 0.0 0.0
            ambientIntensity 0.2
            transparency 0
            shininess 0.5
        }
    }
    geometry IndexedFaceSet {
        ccw TRUE
        solid FALSE
        coord DEF co Coordinate {
            point [
                -0.3665 -0.2199 1.3897, -0.3698 -0.229 1.3897, -0.3397 -0.2199 1.3897, -0.3365 -0.229 1.3897, -0.3546 -0.1867 1.3897, -0.3584 -0.1708 1.3897, -0.3889 -0.2509 1.3897, -0.3775 -0.2509 1.3897, -0.3539 -0.1843 1.3897, -0.3533 -0.1811 1.3897, -0.3474 -0.1708 1.3897, -0.353 -0.1811 1.3897, -0.3524 -0.1844 1.3897, -0.3518 -0.1867 1.3897, -0.3169 -0.2509 1.3897, -0.3283 -0.2509 1.3897, -0.3474 -0.1708 1.3893, -0.3169 -0.2509 1.3893, -0.3584 -0.1708 1.3893, -0.3889 -0.2509 1.3893, -0.3775 -0.2509 1.3893, -0.3698 -0.229 1.3893, -0.3365 -0.229 1.3893, -0.3283 -0.2509 1.3893, -0.3665 -0.2199 1.3893, -0.3397 -0.2199 1.3893, -0.3518 -0.1867 1.3893, -0.353 -0.1811 1.3893, -0.3524 -0.1844 1.3893, -0.3533 -0.1811 1.3893, -0.3546 -0.1867 1.3893, -0.3539 -0.1843 1.3893, -0.3539 -0.1843 1.3893
            ]
        }
        coordIndex [
            0,1,2,-1,2,1,3,-1,4,5,0,-1,0,5,6,-1,0,6,1,-1,1,6,7,-1,4,8,5,-1,5,8,9,-1,5,9,10,-1,10,9,11,-1,10,11,12,-1,12,13,10,-1,10,13,2,-1,10,2,14,-1,14,2,3,-1,14,3,15,-1,10,14,16,-1,16,14,17,-1,5,10,18,-1,18,10,16,-1,6,5,19,-1,19,5,18,-1,7,6,20,-1,20,6,19,-1,1,7,21,-1,21,7,20,-1,3,1,22,-1,22,1,21,-1,15,3,23,-1,23,3,22,-1,14,15,17,-1,17,15,23,-1,0,2,24,-1,24,2,25,-1,2,13,25,-1,25,13,26,-1,11,27,28,-1,11,28,12,-1,12,28,26,-1,12,26,13,-1,11,9,27,-1,27,9,29,-1,4,30,31,-1,4,31,8,-1,8,31,29,-1,8,29,9,-1,4,0,30,-1,30,0,24,-1,
        ]
    }
}
Shape{
    appearance Appearance {
        material  Material 	{
            diffuseColor 1.0 0.9568627450980393 0.8862745098039215
            specularColor 0.8784313725490196 0.8431372549019608 0.7803921568627451
            ambientIntensity 0.2
            transparency 0
            shininess 0.5
        }
    }
    geometry IndexedFaceSet {
        ccw TRUE
        solid FALSE
        coord DEF co Coordinate {
            point [
                -0.353 -0.1811 1.3893, -0.3533 -0.1811 1.3893, -0.3524 -0.1844 1.3893, -0.3539 -0.1843 1.3893, -0.3518 -0.1867 1.3893, -0.3546 -0.1867 1.3893, -0.3397 -0.2199 1.3893, -0.3665 -0.2199 1.3893, -0.3665 -0.2199 1.3893
            ]
        }
        coordIndex [
            0,1,2,-1,2,1,3,-1,2,3,4,-1,4,3,5,-1,4,5,6,-1,6,5,7,-1,
        ]
    }
}
Shape{
    appearance Appearance {
        material  Material 	{
            diffuseColor 0.0 0.0 0.0
            specularColor 0.0 0.0 0.0
            ambientIntensity 0.2
            transparency 0
            shininess 0.5
        }
    }
    geometry IndexedFaceSet {
        ccw TRUE
        solid FALSE
        coord DEF co Coordinate {
            point [
                -1.0921 -0.2623 1.3897, -1.0836 -0.2727 1.3897, -1.0973 -0.2119 1.3897, -1.1072 -0.113 1.3897, -1.0945 -0.1063 1.3897, -1.0975 -0.0712 1.3897, -1.062 -0.0696 1.3897, -1.0443 -0.1111 1.3897, -1.0356 -0.0931 1.3897, -1.1097 -0.2042 1.3897, -1.105 -0.2479 1.3897, -1.0978 -0.25 1.3897, -1.0751 -0.0684 1.3897, -1.0396 -0.2107 1.3897, -1.0343 -0.2126 1.3897, -0.9868 -0.2261 1.3897, -1.0297 -0.2157 1.3897, -1.026 -0.2198 1.3897, -0.9071 -0.184 1.3897, -0.9248 -0.1538 1.3897, -1.001 -0.1937 1.3897, -1.0443 -0.2102 1.3897, -1.0499 -0.2109 1.3897, -1.0574 -0.176 1.3897, -1.0548 -0.2129 1.3897, -1.0699 -0.1808 1.3897, -1.0593 -0.216 1.3897, -1.0816 -0.1889 1.3897, -1.0616 -0.2184 1.3897, -1.091 -0.1997 1.3897, -1.0645 -0.2231 1.3897, -1.0662 -0.2285 1.3897, -1.0665 -0.234 1.3897, -1.0231 -0.1781 1.3897, -1.0368 -0.1747 1.3897, -1.0437 -0.1743 1.3897, -1.0236 -0.2245 1.3897, -1.0223 -0.2297 1.3897, -0.9868 -0.2318 1.3897, -1.0223 -0.2349 1.3897, -0.9871 -0.2378 1.3897, -0.8883 -0.1276 1.3897, -0.8838 -0.1276 1.3897, -0.8604 -0.0969 1.3897, -0.8729 -0.129 1.3897, -0.8577 -0.0978 1.3897, -0.863 -0.1328 1.3897, -0.8407 -0.1062 1.3897, -0.8253 -0.1193 1.3897, -1.0503 -0.056 1.3897, -1.0228 -0.0779 1.3897, -1.0369 -0.0445 1.3897, -1.0076 -0.0667 1.3897, -1.023 -0.0359 1.3897, -1.0805 -0.1029 1.3897, -1.0745 -0.1026 1.3897, -1.0685 -0.0688 1.3897, -1.0611 -0.1043 1.3897, -1.0483 -0.1089 1.3897, -1.011 -0.1846 1.3897, -0.8251 -0.2256 1.3897, -0.8516 -0.2029 1.3897, -0.8406 -0.2387 1.3897, -0.8601 -0.2098 1.3897, -0.858 -0.2472 1.3897, -0.8701 -0.2145 1.3897, -0.8769 -0.2512 1.3897, -0.8804 -0.2164 1.3897, -0.9105 -0.2512 1.3897, -0.906 -0.2164 1.3897, -0.9137 -0.2507 1.3897, -1.0654 -0.2394 1.3897, -1.0631 -0.2441 1.3897, -0.8542 -0.139 1.3897, -0.8476 -0.1463 1.3897, -0.8136 -0.1355 1.3897, -0.8423 -0.1561 1.3897, -0.8067 -0.1529 1.3897, -0.8397 -0.167 1.3897, -0.8041 -0.1715 1.3897, -0.8394 -0.172 1.3897, -0.8067 -0.1918 1.3897, -0.8407 -0.1831 1.3897, -0.8138 -0.2098 1.3897, -0.8447 -0.1933 1.3897, -0.8509 -0.2022 1.3897, -0.8912 -0.0519 1.3897, -0.9135 -0.0781 1.3897, -0.8723 -0.0738 1.3897, -0.9006 -0.0934 1.3897, -0.8918 -0.1117 1.3897, -1.1297 -0.1457 1.3897, -1.1671 -0.1552 1.3897, -1.1314 -0.1595 1.3897, -1.1673 -0.1607 1.3897, -1.1307 -0.1684 1.3897, -1.1645 -0.183 1.3897, -1.1266 -0.1823 1.3897, -1.1564 -0.2042 1.3897, -1.1199 -0.1938 1.3897, -1.1434 -0.2227 1.3897, -1.1256 -0.2379 1.3897, -0.9905 -0.2519 1.3897, -1.0236 -0.2404 1.3897, -0.9972 -0.2645 1.3897, -1.0263 -0.2453 1.3897, -1.0059 -0.2743 1.3897, -1.0294 -0.2488 1.3897, -1.0172 -0.2822 1.3897, -1.0337 -0.2519 1.3897, -1.0299 -0.287 1.3897, -1.0386 -0.2539 1.3897, -1.0437 -0.2887 1.3897, -1.0443 -0.2546 1.3897, -1.0459 -0.2887 1.3897, -1.0453 -0.2546 1.3897, -1.0593 -0.2866 1.3897, -1.0504 -0.2537 1.3897, -1.0725 -0.2811 1.3897, -1.0555 -0.2515 1.3897, -1.0599 -0.2482 1.3897, -0.9967 -0.0258 1.3897, -0.989 -0.0592 1.3897, -0.9686 -0.0223 1.3897, -0.968 -0.0565 1.3897, -0.9444 -0.0249 1.3897, -0.9487 -0.0589 1.3897, -0.9159 -0.0352 1.3897, -0.9309 -0.0657 1.3897, -0.9149 -0.0768 1.3897, -1.1186 -0.0794 1.3897, -1.1367 -0.0921 1.3897, -1.1169 -0.1217 1.3897, -1.1405 -0.0958 1.3897, -1.1248 -0.133 1.3897, -1.1542 -0.1133 1.3897, -1.1633 -0.1338 1.3897, -0.9088 -0.2159 1.3897, -0.9225 -0.2452 1.3897, -0.9212 -0.2466 1.3897, -0.9071 -0.2163 1.3897, -0.9175 -0.2492 1.3897, -0.927 -0.2335 1.3897, -0.9265 -0.2378 1.3897, -0.925 -0.2416 1.3897, -0.9138 -0.2164 1.3897, -0.9177 -0.218 1.3897, -0.9269 -0.2313 1.3897, -0.9212 -0.2205 1.3897, -0.9236 -0.2231 1.3897, -0.9257 -0.2269 1.3897, -0.9094 -0.2159 1.3897, -0.8041 -0.1715 1.3893, -0.8067 -0.1529 1.3893, -0.8086 -0.148 1.3893, -0.8136 -0.1355 1.3893, -0.8253 -0.1193 1.3893, -0.8407 -0.1062 1.3893, -0.8577 -0.0978 1.3893, -0.8604 -0.0969 1.3893, -0.8723 -0.0738 1.3893, -0.8912 -0.0519 1.3893, -0.9042 -0.0431 1.3893, -0.9159 -0.0352 1.3893, -0.9444 -0.0249 1.3893, -0.9686 -0.0223 1.3893, -1.0369 -0.0445 1.3893, -1.0347 -0.0431 1.3893, -1.023 -0.0359 1.3893, -0.9967 -0.0258 1.3893, -1.0503 -0.056 1.3893, -1.062 -0.0696 1.3893, -1.0685 -0.0688 1.3893, -1.0751 -0.0684 1.3893, -1.0975 -0.0712 1.3893, -1.1186 -0.0794 1.3893, -1.1367 -0.0921 1.3893, -1.1405 -0.0958 1.3893, -1.1673 -0.1607 1.3893, -1.1542 -0.1133 1.3893, -1.1633 -0.1338 1.3893, -1.1658 -0.148 1.3893, -1.1671 -0.1552 1.3893, -1.1645 -0.183 1.3893, -1.1564 -0.2042 1.3893, -1.1434 -0.2227 1.3893, -1.1256 -0.2379 1.3893, -1.105 -0.2479 1.3893, -1.0978 -0.25 1.3893, -1.0971 -0.2516 1.3893, -1.0921 -0.2623 1.3893, -1.0836 -0.2727 1.3893, -1.0725 -0.2811 1.3893, -1.0673 -0.2833 1.3893, -1.0593 -0.2866 1.3893, -1.0459 -0.2887 1.3893, -1.0437 -0.2887 1.3893, -0.9868 -0.2318 1.3893, -1.0299 -0.287 1.3893, -1.0202 -0.2833 1.3893, -1.0172 -0.2822 1.3893, -1.0059 -0.2743 1.3893, -0.9972 -0.2645 1.3893, -0.9905 -0.2519 1.3893, -0.9904 -0.2516 1.3893, -0.9871 -0.2378 1.3893, -0.9868 -0.2261 1.3893, -0.9071 -0.184 1.3893, -0.9248 -0.1538 1.3893, -1.001 -0.1937 1.3893, -1.011 -0.1846 1.3893, -1.0231 -0.1781 1.3893, -1.0368 -0.1747 1.3893, -1.0437 -0.1743 1.3893, -1.0574 -0.176 1.3893, -1.0699 -0.1808 1.3893, -1.0816 -0.1889 1.3893, -1.091 -0.1997 1.3893, -1.0973 -0.2119 1.3893, -1.1097 -0.2042 1.3893, -1.1199 -0.1938 1.3893, -1.1266 -0.1823 1.3893, -1.1307 -0.1684 1.3893, -1.1314 -0.1595 1.3893, -1.13 -0.148 1.3893, -1.1297 -0.1457 1.3893, -1.1248 -0.133 1.3893, -1.1169 -0.1217 1.3893, -1.1072 -0.113 1.3893, -1.0945 -0.1063 1.3893, -1.0805 -0.1029 1.3893, -1.0745 -0.1026 1.3893, -1.0611 -0.1043 1.3893, -1.0483 -0.1089 1.3893, -1.0443 -0.1111 1.3893, -1.0356 -0.0931 1.3893, -1.0228 -0.0779 1.3893, -1.0076 -0.0667 1.3893, -0.989 -0.0592 1.3893, -0.968 -0.0565 1.3893, -0.9487 -0.0589 1.3893, -0.9309 -0.0657 1.3893, -0.9149 -0.0768 1.3893, -0.9135 -0.0781 1.3893, -0.9006 -0.0934 1.3893, -0.8918 -0.1117 1.3893, -0.8883 -0.1276 1.3893, -0.8838 -0.1276 1.3893, -0.8729 -0.129 1.3893, -0.863 -0.1328 1.3893, -0.8542 -0.139 1.3893, -0.8476 -0.1463 1.3893, -0.8467 -0.148 1.3893, -0.8423 -0.1561 1.3893, -0.8397 -0.167 1.3893, -0.8394 -0.172 1.3893, -0.8407 -0.1831 1.3893, -0.8447 -0.1933 1.3893, -0.8509 -0.2022 1.3893, -0.8516 -0.2029 1.3893, -0.8601 -0.2098 1.3893, -0.8701 -0.2145 1.3893, -0.8804 -0.2164 1.3893, -0.906 -0.2164 1.3893, -0.9071 -0.2163 1.3893, -0.9088 -0.2159 1.3893, -0.9094 -0.2159 1.3893, -0.9138 -0.2164 1.3893, -0.9177 -0.218 1.3893, -0.9212 -0.2205 1.3893, -0.9236 -0.2231 1.3893, -0.9257 -0.2269 1.3893, -0.9269 -0.2313 1.3893, -0.927 -0.2335 1.3893, -0.9265 -0.2378 1.3893, -0.925 -0.2416 1.3893, -0.9225 -0.2452 1.3893, -0.9212 -0.2466 1.3893, -0.9175 -0.2492 1.3893, -0.9137 -0.2507 1.3893, -0.9105 -0.2512 1.3893, -0.8769 -0.2512 1.3893, -0.858 -0.2472 1.3893, -0.8406 -0.2387 1.3893, -0.8251 -0.2256 1.3893, -0.8138 -0.2098 1.3893, -0.8067 -0.1918 1.3893, -1.0443 -0.2102 1.3893, -1.0396 -0.2107 1.3893, -1.0343 -0.2126 1.3893, -1.0297 -0.2157 1.3893, -1.026 -0.2198 1.3893, -1.0236 -0.2245 1.3893, -1.0223 -0.2297 1.3893, -1.0223 -0.2349 1.3893, -1.0236 -0.2404 1.3893, -1.0263 -0.2453 1.3893, -1.0294 -0.2488 1.3893, -1.0337 -0.2519 1.3893, -1.0386 -0.2539 1.3893, -1.0443 -0.2546 1.3893, -1.0453 -0.2546 1.3893, -1.0504 -0.2537 1.3893, -1.0555 -0.2515 1.3893, -1.0599 -0.2482 1.3893, -1.0631 -0.2441 1.3893, -1.0654 -0.2394 1.3893, -1.0665 -0.234 1.3893, -1.0662 -0.2285 1.3893, -1.0645 -0.2231 1.3893, -1.0616 -0.2184 1.3893, -1.0593 -0.216 1.3893, -1.0548 -0.2129 1.3893, -1.0499 -0.2109 1.3893, -1.0499 -0.2109 1.3893
            ]
        }
        coordIndex [
            0,1,2,-1,3,4,5,-1,6,7,8,-1,9,10,2,-1,2,10,11,-1,2,11,0,-1,5,4,12,-1,13,14,15,-1,15,14,16,-1,15,16,17,-1,18,19,15,-1,15,19,20,-1,15,20,13,-1,13,20,21,-1,22,23,24,-1,24,23,25,-1,24,25,26,-1,26,25,27,-1,26,27,28,-1,28,27,29,-1,28,29,30,-1,30,29,2,-1,30,2,31,-1,31,2,32,-1,33,34,22,-1,22,34,35,-1,22,35,23,-1,17,36,15,-1,15,36,37,-1,15,37,38,-1,38,37,39,-1,38,39,40,-1,41,42,43,-1,43,42,44,-1,43,44,45,-1,45,44,46,-1,45,46,47,-1,47,46,48,-1,6,8,49,-1,49,8,50,-1,49,50,51,-1,51,50,52,-1,51,52,53,-1,4,54,12,-1,12,54,55,-1,12,55,56,-1,56,55,57,-1,56,57,6,-1,6,57,58,-1,6,58,7,-1,21,20,22,-1,22,20,59,-1,22,59,33,-1,60,61,62,-1,62,61,63,-1,62,63,64,-1,64,63,65,-1,64,65,66,-1,66,65,67,-1,66,67,68,-1,68,67,69,-1,68,69,70,-1,32,2,71,-1,71,2,1,-1,71,1,72,-1,46,73,48,-1,48,73,74,-1,48,74,75,-1,75,74,76,-1,75,76,77,-1,77,76,78,-1,77,78,79,-1,79,78,80,-1,79,80,81,-1,81,80,82,-1,81,82,83,-1,83,82,84,-1,83,84,60,-1,60,84,85,-1,60,85,61,-1,86,87,88,-1,88,87,89,-1,88,89,43,-1,43,89,90,-1,43,90,41,-1,91,92,93,-1,93,92,94,-1,93,94,95,-1,95,94,96,-1,95,96,97,-1,97,96,98,-1,97,98,99,-1,99,98,100,-1,99,100,9,-1,9,100,101,-1,9,101,10,-1,40,39,102,-1,102,39,103,-1,102,103,104,-1,104,103,105,-1,104,105,106,-1,106,105,107,-1,106,107,108,-1,108,107,109,-1,108,109,110,-1,110,109,111,-1,110,111,112,-1,112,111,113,-1,112,113,114,-1,114,113,115,-1,114,115,116,-1,116,115,117,-1,116,117,118,-1,118,117,119,-1,118,119,1,-1,1,119,120,-1,1,120,72,-1,53,52,121,-1,121,52,122,-1,121,122,123,-1,123,122,124,-1,123,124,125,-1,125,124,126,-1,125,126,127,-1,127,126,128,-1,127,128,86,-1,86,128,129,-1,86,129,87,-1,5,130,3,-1,3,130,131,-1,3,131,132,-1,132,131,133,-1,132,133,134,-1,134,133,135,-1,134,135,91,-1,91,135,136,-1,91,136,92,-1,137,138,139,-1,69,140,70,-1,70,140,137,-1,70,137,141,-1,141,137,139,-1,142,143,137,-1,137,143,144,-1,137,144,138,-1,145,146,147,-1,146,148,147,-1,147,148,149,-1,147,149,150,-1,142,137,147,-1,147,137,151,-1,147,151,145,-1,79,152,153,-1,79,153,77,-1,77,153,154,-1,77,154,75,-1,154,155,75,-1,75,155,156,-1,75,156,48,-1,48,156,157,-1,48,157,47,-1,47,157,158,-1,47,158,45,-1,45,158,159,-1,45,159,43,-1,43,159,160,-1,43,160,88,-1,88,160,161,-1,88,161,86,-1,127,86,162,-1,162,86,161,-1,162,163,127,-1,127,163,164,-1,127,164,125,-1,125,164,165,-1,125,165,123,-1,166,51,167,-1,167,51,53,-1,167,53,168,-1,168,53,121,-1,168,121,169,-1,169,121,123,-1,169,123,165,-1,51,166,170,-1,51,170,49,-1,49,170,171,-1,49,171,6,-1,6,171,172,-1,6,172,56,-1,56,172,173,-1,56,173,12,-1,12,173,174,-1,12,174,5,-1,5,174,175,-1,5,175,130,-1,130,175,176,-1,130,176,131,-1,131,176,177,-1,131,177,133,-1,178,94,92,-1,133,177,179,-1,133,179,135,-1,135,179,180,-1,135,180,136,-1,136,180,181,-1,136,181,92,-1,92,181,182,-1,92,182,178,-1,94,178,183,-1,94,183,96,-1,96,183,184,-1,96,184,98,-1,98,184,185,-1,98,185,100,-1,100,185,186,-1,100,186,101,-1,101,186,187,-1,101,187,10,-1,10,187,188,-1,10,188,11,-1,11,188,189,-1,11,189,0,-1,189,190,0,-1,0,190,191,-1,0,191,1,-1,1,191,192,-1,1,192,118,-1,118,192,193,-1,118,193,116,-1,193,194,116,-1,116,194,195,-1,116,195,114,-1,114,195,196,-1,114,196,112,-1,197,38,40,-1,112,196,198,-1,112,198,110,-1,110,198,199,-1,110,199,108,-1,199,200,108,-1,108,200,201,-1,108,201,106,-1,106,201,202,-1,106,202,104,-1,104,202,203,-1,104,203,102,-1,102,203,204,-1,102,204,40,-1,40,204,205,-1,40,205,197,-1,15,38,206,-1,206,38,197,-1,18,15,207,-1,207,15,206,-1,19,18,208,-1,208,18,207,-1,20,19,209,-1,209,19,208,-1,20,209,210,-1,20,210,59,-1,59,210,211,-1,59,211,33,-1,33,211,212,-1,33,212,34,-1,34,212,213,-1,34,213,35,-1,35,213,214,-1,35,214,23,-1,23,214,215,-1,23,215,25,-1,25,215,216,-1,25,216,27,-1,27,216,217,-1,27,217,29,-1,29,217,218,-1,29,218,2,-1,2,218,219,-1,2,219,9,-1,9,219,220,-1,9,220,99,-1,99,220,221,-1,99,221,97,-1,97,221,222,-1,97,222,95,-1,95,222,223,-1,95,223,93,-1,91,93,224,-1,224,93,223,-1,224,225,91,-1,91,225,226,-1,91,226,134,-1,134,226,227,-1,134,227,132,-1,132,227,228,-1,132,228,3,-1,3,228,229,-1,3,229,4,-1,4,229,230,-1,4,230,54,-1,54,230,231,-1,54,231,55,-1,55,231,232,-1,55,232,57,-1,57,232,233,-1,57,233,58,-1,58,233,234,-1,58,234,7,-1,7,234,235,-1,7,235,8,-1,8,235,236,-1,8,236,50,-1,50,236,237,-1,50,237,52,-1,52,237,238,-1,52,238,122,-1,122,238,239,-1,122,239,124,-1,124,239,240,-1,124,240,126,-1,126,240,241,-1,126,241,128,-1,128,241,242,-1,128,242,129,-1,129,242,243,-1,129,243,87,-1,87,243,244,-1,87,244,89,-1,89,244,245,-1,89,245,90,-1,90,245,246,-1,90,246,41,-1,42,41,247,-1,247,41,246,-1,42,247,248,-1,42,248,44,-1,44,248,249,-1,44,249,46,-1,46,249,250,-1,46,250,73,-1,73,250,251,-1,73,251,74,-1,74,251,252,-1,74,252,76,-1,252,253,76,-1,76,253,254,-1,76,254,78,-1,78,254,255,-1,78,255,80,-1,80,255,256,-1,80,256,82,-1,82,256,257,-1,82,257,84,-1,84,257,258,-1,84,258,85,-1,85,258,259,-1,85,259,61,-1,61,259,260,-1,61,260,63,-1,63,260,261,-1,63,261,65,-1,65,261,262,-1,65,262,67,-1,69,67,263,-1,263,67,262,-1,69,263,264,-1,69,264,140,-1,140,264,265,-1,140,265,137,-1,137,265,266,-1,137,266,151,-1,151,266,267,-1,151,267,145,-1,145,267,268,-1,145,268,146,-1,146,268,269,-1,146,269,148,-1,148,269,270,-1,148,270,149,-1,149,270,271,-1,149,271,150,-1,150,271,272,-1,150,272,147,-1,147,272,273,-1,147,273,142,-1,142,273,274,-1,142,274,143,-1,143,274,275,-1,143,275,144,-1,144,275,276,-1,144,276,138,-1,138,276,277,-1,138,277,139,-1,139,277,278,-1,139,278,141,-1,141,278,279,-1,141,279,70,-1,70,279,280,-1,70,280,68,-1,66,68,281,-1,281,68,280,-1,66,281,282,-1,66,282,64,-1,64,282,283,-1,64,283,62,-1,62,283,284,-1,62,284,60,-1,60,284,285,-1,60,285,83,-1,83,285,286,-1,83,286,81,-1,81,286,152,-1,81,152,79,-1,21,287,288,-1,21,288,13,-1,13,288,289,-1,13,289,14,-1,14,289,290,-1,14,290,16,-1,16,290,291,-1,16,291,17,-1,17,291,292,-1,17,292,36,-1,36,292,293,-1,36,293,37,-1,37,293,294,-1,37,294,39,-1,39,294,295,-1,39,295,103,-1,103,295,296,-1,103,296,105,-1,105,296,297,-1,105,297,107,-1,107,297,298,-1,107,298,109,-1,109,298,299,-1,109,299,111,-1,111,299,300,-1,111,300,113,-1,113,300,301,-1,113,301,115,-1,115,301,302,-1,115,302,117,-1,117,302,303,-1,117,303,119,-1,119,303,304,-1,119,304,120,-1,120,304,305,-1,120,305,72,-1,72,305,306,-1,72,306,71,-1,71,306,307,-1,71,307,32,-1,32,307,308,-1,32,308,31,-1,31,308,309,-1,31,309,30,-1,30,309,310,-1,30,310,28,-1,28,310,311,-1,28,311,26,-1,26,311,312,-1,26,312,24,-1,24,312,313,-1,24,313,22,-1,22,313,287,-1,22,287,21,-1,
        ]
    }
}
Shape{
    appearance Appearance {
        material  Material 	{
            diffuseColor 1.0 0.9568627450980393 0.8862745098039215
            specularColor 0.8784313725490196 0.8431372549019608 0.7803921568627451
            ambientIntensity 0.2
            transparency 0
            shininess 0.5
        }
    }
    geometry IndexedFaceSet {
        ccw TRUE
        solid FALSE
        coord DEF co Coordinate {
            point [
                -1.0453 -0.2546 1.3893, -1.0593 -0.216 1.3893, -1.0616 -0.2184 1.3893, -1.0386 -0.2539 1.3893, -1.0337 -0.2519 1.3893, -1.0396 -0.2107 1.3893, -1.0443 -0.2102 1.3893, -1.0499 -0.2109 1.3893, -1.0548 -0.2129 1.3893, -1.0654 -0.2394 1.3893, -1.0631 -0.2441 1.3893, -1.0599 -0.2482 1.3893, -1.0443 -0.2546 1.3893, -1.0645 -0.2231 1.3893, -1.0662 -0.2285 1.3893, -1.0665 -0.234 1.3893, -1.0555 -0.2515 1.3893, -1.0504 -0.2537 1.3893, -1.0294 -0.2488 1.3893, -1.0263 -0.2453 1.3893, -1.0236 -0.2404 1.3893, -1.0223 -0.2349 1.3893, -1.0223 -0.2297 1.3893, -1.0236 -0.2245 1.3893, -1.026 -0.2198 1.3893, -1.0297 -0.2157 1.3893, -1.0343 -0.2126 1.3893, -1.0343 -0.2126 1.3893
            ]
        }
        coordIndex [
            0,1,2,-1,3,4,5,-1,6,7,0,-1,0,7,8,-1,0,8,1,-1,9,10,2,-1,2,10,11,-1,6,0,5,-1,5,0,12,-1,5,12,3,-1,13,14,2,-1,2,14,15,-1,2,15,9,-1,11,16,2,-1,2,16,17,-1,2,17,0,-1,4,18,5,-1,5,18,19,-1,5,19,20,-1,20,21,5,-1,5,21,22,-1,5,22,23,-1,23,24,5,-1,5,24,25,-1,5,25,26,-1,
        ]
    }
}